CodigoEstacion,NombreEstacion,Latitud,Longitud,Altitud,Categoria,Entidad,AreaOperativa,Departamento,Municipio,FechaInstalacion,FechaSuspension,IdParametro,Etiqueta,DescripcionSerie,Frecuencia,Fecha,Valor,Grado,Calificador,NivelAprobacion
27015330,OLAYA HERRERA - AUT [27015330],6.224679,-75.588225,1500,Sinóptica Principal,INSTITUTO DE HIDROLOGIA METEOROLOGIA Y ESTUDIOS AMBIENTALES,Area Operativa 01 - Antioquia-Chocó,Antioquia,Medellín,12/05/2014 00:00,,PRECIPITACION,PTPM_TT_M,Precipitación total mensual,Mensual,1991-01-01 00:00,47.6,50,,900
27015330,OLAYA HERRERA - AUT [27015330],6.224679,-75.588225,1500,Sinóptica Principal,INSTITUTO DE HIDROLOGIA METEOROLOGIA Y ESTUDIOS AMBIENTALES,Area Operativa 01 - Antioquia-Chocó,Antioquia,Medellín,12/05/2014 00:00,,PRECIPITACION,PTPM_TT_M,Precipitación total mensual,Mensual,1991-02-01 00:00,30.5,50,,900
27015330,OLAYA HERRERA - AUT [27015330],6.224679,-75.588225,1500,Sinóptica Principal,INSTITUTO DE HIDROLOGIA METEOROLOGIA Y ESTUDIOS AMBIENTALES,Area Operativa 01 - Antioquia-Chocó,Antioquia,Medellín,12/05/2014 00:00,,PRECIPITACION,PTPM_TT_M,Precipitación total mensual,Mensual,1991-03-01 00:00,255,50,,900
27015330,OLAYA HERRERA - AUT [27015330],6.224679,-75.588225,1500,Sinóptica Principal,INSTITUTO DE HIDROLOGIA METEOROLOGIA Y ESTUDIOS AMBIENTALES,Area Operativa 01 - Antioquia-Chocó,Antioquia,Medellín,12/05/2014 00:00,,PRECIPITACION,PTPM_TT_M,Precipitación total mensual,Mensual,1991-04-01 00:00,140.2,50,,900
27015330,OLAYA HERRERA - AUT [27015330],6.224679,-75.588225,1500,Sinóptica Principal,INSTITUTO DE HIDROLOGIA METEOROLOGIA Y ESTUDIOS AMBIENTALES,Area Operativa 01 - Antioquia-Chocó,Antioquia,Medellín,12/05/2014 00:00,,PRECIPITACION,PTPM_TT_M,Precipitación total mensual,Mensual,1991-05-01 00:00,172,50,,900
27015330,OLAYA HERRERA - AUT [27015330],6.224679,-75.588225,1500,Sinóptica Principal,INSTITUTO DE HIDROLOGIA METEOROLOGIA Y ESTUDIOS AMBIENTALES,Area Operativa 01 - Antioquia-Chocó,Antioquia,Medellín,12/05/2014 00:00,,PRECIPITACION,PTPM_TT_M,Precipitación total mensual,Mensual,1991-06-01 00:00,102.6,50,,900
27015330,OLAYA HERRERA - AUT [27015330],6.224679,-75.588225,1500,Sinóptica Principal,INSTITUTO DE HIDROLOGIA METEOROLOGIA Y ESTUDIOS AMBIENTALES,Area Operativa 01 - Antioquia-Chocó,Antioquia,Medellín,12/05/2014 00:00,,PRECIPITACION,PTPM_TT_M,Precipitación total mensual,Mensual,1991-07-01 00:00,115.4,50,,900
27015330,OLAYA HERRERA - AUT [27015330],6.224679,-75.588225,1500,Sinóptica Principal,INSTITUTO DE HIDROLOGIA METEOROLOGIA Y ESTUDIOS AMBIENTALES,Area Operativa 01 - Antioquia-Chocó,Antioquia,Medellín,12/05/2014 00:00,,PRECIPITACION,PTPM_TT_M,Precipitación total mensual,Mensual,1991-08-01 00:00,45.3,50,,900
27015330,OLAYA HERRERA - AUT [27015330],6.224679,-75.588225,1500,Sinóptica Principal,INSTITUTO DE HIDROLOGIA METEOROLOGIA Y ESTUDIOS AMBIENTALES,Area Operativa 01 - Antioquia-Chocó,Antioquia,Medellín,12/05/2014 00:00,,PRECIPITACION,PTPM_TT_M,Precipitación total mensual,Mensual,1991-09-01 00:00,99.4,50,,900
27015330,OLAYA HERRERA - AUT [27015330],6.224679,-75.588225,1500,Sinóptica Principal,INSTITUTO DE HIDROLOGIA METEOROLOGIA Y ESTUDIOS AMBIENTALES,Area Operativa 01 - Antioquia-Chocó,Antioquia,Medellín,12/05/2014 00:00,,PRECIPITACION,PTPM_TT_M,Precipitación total mensual,Mensual,1991-10-01 00:00,263.7,50,,900
27015330,OLAYA HERRERA - AUT [27015330],6.224679,-75.588225,1500,Sinóptica Principal,INSTITUTO DE HIDROLOGIA METEOROLOGIA Y ESTUDIOS AMBIENTALES,Area Operativa 01 - Antioquia-Chocó,Antioquia,Medellín,12/05/2014 00:00,,PRECIPITACION,PTPM_TT_M,Precipitación total mensual,Mensual,1991-11-01 00:00,200.5,50,,900
27015330,OLAYA HERRERA - AUT [27015330],6.224679,-75.588225,1500,Sinóptica Principal,INSTITUTO DE HIDROLOGIA METEOROLOGIA Y ESTUDIOS AMBIENTALES,Area Operativa 01 - Antioquia-Chocó,Antioquia,Medellín,12/05/2014 00:00,,PRECIPITACION,PTPM_TT_M,Precipitación total mensual,Mensual,1991-12-01 00:00,115,50,,900
27015330,OLAYA HERRERA - AUT [27015330],6.224679,-75.588225,1500,Sinóptica Principal,INSTITUTO DE HIDROLOGIA METEOROLOGIA Y ESTUDIOS AMBIENTALES,Area Operativa 01 - Antioquia-Chocó,Antioquia,Medellín,12/05/2014 00:00,,PRECIPITACION,PTPM_TT_M,Precipitación total mensual,Mensual,1992-01-01 00:00,39.3,50,,900
27015330,OLAYA HERRERA - AUT [27015330],6.224679,-75.588225,1500,Sinóptica Principal,INSTITUTO DE HIDROLOGIA METEOROLOGIA Y ESTUDIOS AMBIENTALES,Area Operativa 01 - Antioquia-Chocó,Antioquia,Medellín,12/05/2014 00:00,,PRECIPITACION,PTPM_TT_M,Precipitación total mensual,Mensual,1992-02-01 00:00,42.7,50,,900
27015330,OLAYA HERRERA - AUT [27015330],6.224679,-75.588225,1500,Sinóptica Principal,INSTITUTO DE HIDROLOGIA METEOROLOGIA Y ESTUDIOS AMBIENTALES,Area Operativa 01 - Antioquia-Chocó,Antioquia,Medellín,12/05/2014 00:00,,PRECIPITACION,PTPM_TT_M,Precipitación total mensual,Mensual,1992-03-01 00:00,46.8,50,,900
27015330,OLAYA HERRERA - AUT [27015330],6.224679,-75.588225,1500,Sinóptica Principal,INSTITUTO DE HIDROLOGIA METEOROLOGIA Y ESTUDIOS AMBIENTALES,Area Operativa 01 - Antioquia-Chocó,Antioquia,Medellín,12/05/2014 00:00,,PRECIPITACION,PTPM_TT_M,Precipitación total mensual,Mensual,1992-04-01 00:00,94.2,50,,900
27015330,OLAYA HERRERA - AUT [27015330],6.224679,-75.588225,1500,Sinóptica Principal,INSTITUTO DE HIDROLOGIA METEOROLOGIA Y ESTUDIOS AMBIENTALES,Area Operativa 01 - Antioquia-Chocó,Antioquia,Medellín,12/05/2014 00:00,,PRECIPITACION,PTPM_TT_M,Precipitación total mensual,Mensual,1992-05-01 00:00,171.4,50,,900
27015330,OLAYA HERRERA - AUT [27015330],6.224679,-75.588225,1500,Sinóptica Principal,INSTITUTO DE HIDROLOGIA METEOROLOGIA Y ESTUDIOS AMBIENTALES,Area Operativa 01 - Antioquia-Chocó,Antioquia,Medellín,12/05/2014 00:00,,PRECIPITACION,PTPM_TT_M,Precipitación total mensual,Mensual,1992-06-01 00:00,98.3,50,,900
27015330,OLAYA HERRERA - AUT [27015330],6.224679,-75.588225,1500,Sinóptica Principal,INSTITUTO DE HIDROLOGIA METEOROLOGIA Y ESTUDIOS AMBIENTALES,Area Operativa 01 - Antioquia-Chocó,Antioquia,Medellín,12/05/2014 00:00,,PRECIPITACION,PTPM_TT_M,Precipitación total mensual,Mensual,1992-07-01 00:00,48.1,50,,900
27015330,OLAYA HERRERA - AUT [27015330],6.224679,-75.588225,1500,Sinóptica Principal,INSTITUTO DE HIDROLOGIA METEOROLOGIA Y ESTUDIOS AMBIENTALES,Area Operativa 01 - Antioquia-Chocó,Antioquia,Medellín,12/05/2014 00:00,,PRECIPITACION,PTPM_TT_M,Precipitación total mensual,Mensual,1992-08-01 00:00,113.5,50,,900
27015330,OLAYA HERRERA - AUT [27015330],6.224679,-75.588225,1500,Sinóptica Principal,INSTITUTO DE HIDROLOGIA METEOROLOGIA Y ESTUDIOS AMBIENTALES,Area Operativa 01 - Antioquia-Chocó,Antioquia,Medellín,12/05/2014 00:00,,PRECIPITACION,PTPM_TT_M,Precipitación total mensual,Mensual,1992-09-01 00:00,180.7,50,,900
27015330,OLAYA HERRERA - AUT [27015330],6.224679,-75.588225,1500,Sinóptica Principal,INSTITUTO DE HIDROLOGIA METEOROLOGIA Y ESTUDIOS AMBIENTALES,Area Operativa 01 - Antioquia-Chocó,Antioquia,Medellín,12/05/2014 00:00,,PRECIPITACION,PTPM_TT_M,Precipitación total mensual,Mensual,1992-10-01 00:00,87.3,50,,900
27015330,OLAYA HERRERA - AUT [27015330],6.224679,-75.588225,1500,Sinóptica Principal,INSTITUTO DE HIDROLOGIA METEOROLOGIA Y ESTUDIOS AMBIENTALES,Area Operativa 01 - Antioquia-Chocó,Antioquia,Medellín,12/05/2014 00:00,,PRECIPITACION,PTPM_TT_M,Precipitación total mensual,Mensual,1992-11-01 00:00,124.1,50,,900
27015330,OLAYA HERRERA - AUT [27015330],6.224679,-75.588225,1500,Sinóptica Principal,INSTITUTO DE HIDROLOGIA METEOROLOGIA Y ESTUDIOS AMBIENTALES,Area Operativa 01 - Antioquia-Chocó,Antioquia,Medellín,12/05/2014 00:00,,PRECIPITACION,PTPM_TT_M,Precipitación total mensual,Mensual,1992-12-01 00:00,64.9,50,,900
27015330,OLAYA HERRERA - AUT [27015330],6.224679,-75.588225,1500,Sinóptica Principal,INSTITUTO DE HIDROLOGIA METEOROLOGIA Y ESTUDIOS AMBIENTALES,Area Operativa 01 - Antioquia-Chocó,Antioquia,Medellín,12/05/2014 00:00,,PRECIPITACION,PTPM_TT_M,Precipitación total mensual,Mensual,1993-01-01 00:00,69.6,50,,900
27015330,OLAYA HERRERA - AUT [27015330],6.224679,-75.588225,1500,Sinóptica Principal,INSTITUTO DE HIDROLOGIA METEOROLOGIA Y ESTUDIOS AMBIENTALES,Area Operativa 01 - Antioquia-Chocó,Antioquia,Medellín,12/05/2014 00:00,,PRECIPITACION,PTPM_TT_M,Precipitación total mensual,Mensual,1993-02-01 00:00,59.5,50,,900
27015330,OLAYA HERRERA - AUT [27015330],6.224679,-75.588225,1500,Sinóptica Principal,INSTITUTO DE HIDROLOGIA METEOROLOGIA Y ESTUDIOS AMBIENTALES,Area Operativa 01 - Antioquia-Chocó,Antioquia,Medellín,12/05/2014 00:00,,PRECIPITACION,PTPM_TT_M,Precipitación total mensual,Mensual,1993-03-01 00:00,109.2,50,,900
27015330,OLAYA HERRERA - AUT [27015330],6.224679,-75.588225,1500,Sinóptica Principal,INSTITUTO DE HIDROLOGIA METEOROLOGIA Y ESTUDIOS AMBIENTALES,Area Operativa 01 - Antioquia-Chocó,Antioquia,Medellín,12/05/2014 00:00,,PRECIPITACION,PTPM_TT_M,Precipitación total mensual,Mensual,1993-04-01 00:00,126.1,50,,900
27015330,OLAYA HERRERA - AUT [27015330],6.224679,-75.588225,1500,Sinóptica Principal,INSTITUTO DE HIDROLOGIA METEOROLOGIA Y ESTUDIOS AMBIENTALES,Area Operativa 01 - Antioquia-Chocó,Antioquia,Medellín,12/05/2014 00:00,,PRECIPITACION,PTPM_TT_M,Precipitación total mensual,Mensual,1993-05-01 00:00,196.6,50,,900
27015330,OLAYA HERRERA - AUT [27015330],6.224679,-75.588225,1500,Sinóptica Principal,INSTITUTO DE HIDROLOGIA METEOROLOGIA Y ESTUDIOS AMBIENTALES,Area Operativa 01 - Antioquia-Chocó,Antioquia,Medellín,12/05/2014 00:00,,PRECIPITACION,PTPM_TT_M,Precipitación total mensual,Mensual,1993-06-01 00:00,57.3,50,,900
27015330,OLAYA HERRERA - AUT [27015330],6.224679,-75.588225,1500,Sinóptica Principal,INSTITUTO DE HIDROLOGIA METEOROLOGIA Y ESTUDIOS AMBIENTALES,Area Operativa 01 - Antioquia-Chocó,Antioquia,Medellín,12/05/2014 00:00,,PRECIPITACION,PTPM_TT_M,Precipitación total mensual,Mensual,1993-07-01 00:00,125.4,50,,900
27015330,OLAYA HERRERA - AUT [27015330],6.224679,-75.588225,1500,Sinóptica Principal,INSTITUTO DE HIDROLOGIA METEOROLOGIA Y ESTUDIOS AMBIENTALES,Area Operativa 01 - Antioquia-Chocó,Antioquia,Medellín,12/05/2014 00:00,,PRECIPITACION,PTPM_TT_M,Precipitación total mensual,Mensual,1993-08-01 00:00,139.3,50,,900
27015330,OLAYA HERRERA - AUT [27015330],6.224679,-75.588225,1500,Sinóptica Principal,INSTITUTO DE HIDROLOGIA METEOROLOGIA Y ESTUDIOS AMBIENTALES,Area Operativa 01 - Antioquia-Chocó,Antioquia,Medellín,12/05/2014 00:00,,PRECIPITACION,PTPM_TT_M,Precipitación total mensual,Mensual,1993-09-01 00:00,192.7,50,,900
27015330,OLAYA HERRERA - AUT [27015330],6.224679,-75.588225,1500,Sinóptica Principal,INSTITUTO DE HIDROLOGIA METEOROLOGIA Y ESTUDIOS AMBIENTALES,Area Operativa 01 - Antioquia-Chocó,Antioquia,Medellín,12/05/2014 00:00,,PRECIPITACION,PTPM_TT_M,Precipitación total mensual,Mensual,1993-10-01 00:00,129.1,50,,900
27015330,OLAYA HERRERA - AUT [27015330],6.224679,-75.588225,1500,Sinóptica Principal,INSTITUTO DE HIDROLOGIA METEOROLOGIA Y ESTUDIOS AMBIENTALES,Area Operativa 01 - Antioquia-Chocó,Antioquia,Medellín,12/05/2014 00:00,,PRECIPITACION,PTPM_TT_M,Precipitación total mensual,Mensual,1993-11-01 00:00,257.4,50,,900
27015330,OLAYA HERRERA - AUT [27015330],6.224679,-75.588225,1500,Sinóptica Principal,INSTITUTO DE HIDROLOGIA METEOROLOGIA Y ESTUDIOS AMBIENTALES,Area Operativa 01 - Antioquia-Chocó,Antioquia,Medellín,12/05/2014 00:00,,PRECIPITACION,PTPM_TT_M,Precipitación total mensual,Mensual,1993-12-01 00:00,142.8,50,,900
27015330,OLAYA HERRERA - AUT [27015330],6.224679,-75.588225,1500,Sinóptica Principal,INSTITUTO DE HIDROLOGIA METEOROLOGIA Y ESTUDIOS AMBIENTALES,Area Operativa 01 - Antioquia-Chocó,Antioquia,Medellín,12/05/2014 00:00,,PRECIPITACION,PTPM_TT_M,Precipitación total mensual,Mensual,1994-01-01 00:00,58.4,50,,900
27015330,OLAYA HERRERA - AUT [27015330],6.224679,-75.588225,1500,Sinóptica Principal,INSTITUTO DE HIDROLOGIA METEOROLOGIA Y ESTUDIOS AMBIENTALES,Area Operativa 01 - Antioquia-Chocó,Antioquia,Medellín,12/05/2014 00:00,,PRECIPITACION,PTPM_TT_M,Precipitación total mensual,Mensual,1994-02-01 00:00,100.9,50,,900
27015330,OLAYA HERRERA - AUT [27015330],6.224679,-75.588225,1500,Sinóptica Principal,INSTITUTO DE HIDROLOGIA METEOROLOGIA Y ESTUDIOS AMBIENTALES,Area Operativa 01 - Antioquia-Chocó,Antioquia,Medellín,12/05/2014 00:00,,PRECIPITACION,PTPM_TT_M,Precipitación total mensual,Mensual,1994-03-01 00:00,105.7,50,,900
27015330,OLAYA HERRERA - AUT [27015330],6.224679,-75.588225,1500,Sinóptica Principal,INSTITUTO DE HIDROLOGIA METEOROLOGIA Y ESTUDIOS AMBIENTALES,Area Operativa 01 - Antioquia-Chocó,Antioquia,Medellín,12/05/2014 00:00,,PRECIPITACION,PTPM_TT_M,Precipitación total mensual,Mensual,1994-04-01 00:00,202.4,50,,900
27015330,OLAYA HERRERA - AUT [27015330],6.224679,-75.588225,1500,Sinóptica Principal,INSTITUTO DE HIDROLOGIA METEOROLOGIA Y ESTUDIOS AMBIENTALES,Area Operativa 01 - Antioquia-Chocó,Antioquia,Medellín,12/05/2014 00:00,,PRECIPITACION,PTPM_TT_M,Precipitación total mensual,Mensual,1994-05-01 00:00,150.7,50,,900
27015330,OLAYA HERRERA - AUT [27015330],6.224679,-75.588225,1500,Sinóptica Principal,INSTITUTO DE HIDROLOGIA METEOROLOGIA Y ESTUDIOS AMBIENTALES,Area Operativa 01 - Antioquia-Chocó,Antioquia,Medellín,12/05/2014 00:00,,PRECIPITACION,PTPM_TT_M,Precipitación total mensual,Mensual,1994-06-01 00:00,118.8,50,,900
27015330,OLAYA HERRERA - AUT [27015330],6.224679,-75.588225,1500,Sinóptica Principal,INSTITUTO DE HIDROLOGIA METEOROLOGIA Y ESTUDIOS AMBIENTALES,Area Operativa 01 - Antioquia-Chocó,Antioquia,Medellín,12/05/2014 00:00,,PRECIPITACION,PTPM_TT_M,Precipitación total mensual,Mensual,1994-07-01 00:00,90.4,50,,900
27015330,OLAYA HERRERA - AUT [27015330],6.224679,-75.588225,1500,Sinóptica Principal,INSTITUTO DE HIDROLOGIA METEOROLOGIA Y ESTUDIOS AMBIENTALES,Area Operativa 01 - Antioquia-Chocó,Antioquia,Medellín,12/05/2014 00:00,,PRECIPITACION,PTPM_TT_M,Precipitación total mensual,Mensual,1994-08-01 00:00,108.2,50,,900
27015330,OLAYA HERRERA - AUT [27015330],6.224679,-75.588225,1500,Sinóptica Principal,INSTITUTO DE HIDROLOGIA METEOROLOGIA Y ESTUDIOS AMBIENTALES,Area Operativa 01 - Antioquia-Chocó,Antioquia,Medellín,12/05/2014 00:00,,PRECIPITACION,PTPM_TT_M,Precipitación total mensual,Mensual,1994-09-01 00:00,58.6,50,,900
27015330,OLAYA HERRERA - AUT [27015330],6.224679,-75.588225,1500,Sinóptica Principal,INSTITUTO DE HIDROLOGIA METEOROLOGIA Y ESTUDIOS AMBIENTALES,Area Operativa 01 - Antioquia-Chocó,Antioquia,Medellín,12/05/2014 00:00,,PRECIPITACION,PTPM_TT_M,Precipitación total mensual,Mensual,1994-10-01 00:00,355.6,50,,900
27015330,OLAYA HERRERA - AUT [27015330],6.224679,-75.588225,1500,Sinóptica Principal,INSTITUTO DE HIDROLOGIA METEOROLOGIA Y ESTUDIOS AMBIENTALES,Area Operativa 01 - Antioquia-Chocó,Antioquia,Medellín,12/05/2014 00:00,,PRECIPITACION,PTPM_TT_M,Precipitación total mensual,Mensual,1994-11-01 00:00,165.5,50,,900
27015330,OLAYA HERRERA - AUT [27015330],6.224679,-75.588225,1500,Sinóptica Principal,INSTITUTO DE HIDROLOGIA METEOROLOGIA Y ESTUDIOS AMBIENTALES,Area Operativa 01 - Antioquia-Chocó,Antioquia,Medellín,12/05/2014 00:00,,PRECIPITACION,PTPM_TT_M,Precipitación total mensual,Mensual,1994-12-01 00:00,80.4,50,,900
27015330,OLAYA HERRERA - AUT [27015330],6.224679,-75.588225,1500,Sinóptica Principal,INSTITUTO DE HIDROLOGIA METEOROLOGIA Y ESTUDIOS AMBIENTALES,Area Operativa 01 - Antioquia-Chocó,Antioquia,Medellín,12/05/2014 00:00,,PRECIPITACION,PTPM_TT_M,Precipitación total mensual,Mensual,1995-01-01 00:00,7.6,50,,900
27015330,OLAYA HERRERA - AUT [27015330],6.224679,-75.588225,1500,Sinóptica Principal,INSTITUTO DE HIDROLOGIA METEOROLOGIA Y ESTUDIOS AMBIENTALES,Area Operativa 01 - Antioquia-Chocó,Antioquia,Medellín,12/05/2014 00:00,,PRECIPITACION,PTPM_TT_M,Precipitación total mensual,Mensual,1995-02-01 00:00,35.7,50,,900
27015330,OLAYA HERRERA - AUT [27015330],6.224679,-75.588225,1500,Sinóptica Principal,INSTITUTO DE HIDROLOGIA METEOROLOGIA Y ESTUDIOS AMBIENTALES,Area Operativa 01 - Antioquia-Chocó,Antioquia,Medellín,12/05/2014 00:00,,PRECIPITACION,PTPM_TT_M,Precipitación total mensual,Mensual,1995-03-01 00:00,113.8,50,,900
27015330,OLAYA HERRERA - AUT [27015330],6.224679,-75.588225,1500,Sinóptica Principal,INSTITUTO DE HIDROLOGIA METEOROLOGIA Y ESTUDIOS AMBIENTALES,Area Operativa 01 - Antioquia-Chocó,Antioquia,Medellín,12/05/2014 00:00,,PRECIPITACION,PTPM_TT_M,Precipitación total mensual,Mensual,1995-04-01 00:00,103.7,50,,900
27015330,OLAYA HERRERA - AUT [27015330],6.224679,-75.588225,1500,Sinóptica Principal,INSTITUTO DE HIDROLOGIA METEOROLOGIA Y ESTUDIOS AMBIENTALES,Area Operativa 01 - Antioquia-Chocó,Antioquia,Medellín,12/05/2014 00:00,,PRECIPITACION,PTPM_TT_M,Precipitación total mensual,Mensual,1995-05-01 00:00,239.7,50,,900
27015330,OLAYA HERRERA - AUT [27015330],6.224679,-75.588225,1500,Sinóptica Principal,INSTITUTO DE HIDROLOGIA METEOROLOGIA Y ESTUDIOS AMBIENTALES,Area Operativa 01 - Antioquia-Chocó,Antioquia,Medellín,12/05/2014 00:00,,PRECIPITACION,PTPM_TT_M,Precipitación total mensual,Mensual,1995-06-01 00:00,177,50,,900
27015330,OLAYA HERRERA - AUT [27015330],6.224679,-75.588225,1500,Sinóptica Principal,INSTITUTO DE HIDROLOGIA METEOROLOGIA Y ESTUDIOS AMBIENTALES,Area Operativa 01 - Antioquia-Chocó,Antioquia,Medellín,12/05/2014 00:00,,PRECIPITACION,PTPM_TT_M,Precipitación total mensual,Mensual,1995-07-01 00:00,223.3,50,,900
27015330,OLAYA HERRERA - AUT [27015330],6.224679,-75.588225,1500,Sinóptica Principal,INSTITUTO DE HIDROLOGIA METEOROLOGIA Y ESTUDIOS AMBIENTALES,Area Operativa 01 - Antioquia-Chocó,Antioquia,Medellín,12/05/2014 00:00,,PRECIPITACION,PTPM_TT_M,Precipitación total mensual,Mensual,1995-08-01 00:00,278.6,50,,900
27015330,OLAYA HERRERA - AUT [27015330],6.224679,-75.588225,1500,Sinóptica Principal,INSTITUTO DE HIDROLOGIA METEOROLOGIA Y ESTUDIOS AMBIENTALES,Area Operativa 01 - Antioquia-Chocó,Antioquia,Medellín,12/05/2014 00:00,,PRECIPITACION,PTPM_TT_M,Precipitación total mensual,Mensual,1995-09-01 00:00,81.2,50,,900
27015330,OLAYA HERRERA - AUT [27015330],6.224679,-75.588225,1500,Sinóptica Principal,INSTITUTO DE HIDROLOGIA METEOROLOGIA Y ESTUDIOS AMBIENTALES,Area Operativa 01 - Antioquia-Chocó,Antioquia,Medellín,12/05/2014 00:00,,PRECIPITACION,PTPM_TT_M,Precipitación total mensual,Mensual,1995-10-01 00:00,221,50,,900
27015330,OLAYA HERRERA - AUT [27015330],6.224679,-75.588225,1500,Sinóptica Principal,INSTITUTO DE HIDROLOGIA METEOROLOGIA Y ESTUDIOS AMBIENTALES,Area Operativa 01 - Antioquia-Chocó,Antioquia,Medellín,12/05/2014 00:00,,PRECIPITACION,PTPM_TT_M,Precipitación total mensual,Mensual,1995-11-01 00:00,114,50,,900
27015330,OLAYA HERRERA - AUT [27015330],6.224679,-75.588225,1500,Sinóptica Principal,INSTITUTO DE HIDROLOGIA METEOROLOGIA Y ESTUDIOS AMBIENTALES,Area Operativa 01 - Antioquia-Chocó,Antioquia,Medellín,12/05/2014 00:00,,PRECIPITACION,PTPM_TT_M,Precipitación total mensual,Mensual,1995-12-01 00:00,175.7,50,,900
27015330,OLAYA HERRERA - AUT [27015330],6.224679,-75.588225,1500,Sinóptica Principal,INSTITUTO DE HIDROLOGIA METEOROLOGIA Y ESTUDIOS AMBIENTALES,Area Operativa 01 - Antioquia-Chocó,Antioquia,Medellín,12/05/2014 00:00,,PRECIPITACION,PTPM_TT_M,Precipitación total mensual,Mensual,1996-01-01 00:00,127.5,50,,900
27015330,OLAYA HERRERA - AUT [27015330],6.224679,-75.588225,1500,Sinóptica Principal,INSTITUTO DE HIDROLOGIA METEOROLOGIA Y ESTUDIOS AMBIENTALES,Area Operativa 01 - Antioquia-Chocó,Antioquia,Medellín,12/05/2014 00:00,,PRECIPITACION,PTPM_TT_M,Precipitación total mensual,Mensual,1996-02-01 00:00,106.2,50,,900
27015330,OLAYA HERRERA - AUT [27015330],6.224679,-75.588225,1500,Sinóptica Principal,INSTITUTO DE HIDROLOGIA METEOROLOGIA Y ESTUDIOS AMBIENTALES,Area Operativa 01 - Antioquia-Chocó,Antioquia,Medellín,12/05/2014 00:00,,PRECIPITACION,PTPM_TT_M,Precipitación total mensual,Mensual,1996-03-01 00:00,188.4,50,,900
27015330,OLAYA HERRERA - AUT [27015330],6.224679,-75.588225,1500,Sinóptica Principal,INSTITUTO DE HIDROLOGIA METEOROLOGIA Y ESTUDIOS AMBIENTALES,Area Operativa 01 - Antioquia-Chocó,Antioquia,Medellín,12/05/2014 00:00,,PRECIPITACION,PTPM_TT_M,Precipitación total mensual,Mensual,1996-04-01 00:00,171.9,50,,900
27015330,OLAYA HERRERA - AUT [27015330],6.224679,-75.588225,1500,Sinóptica Principal,INSTITUTO DE HIDROLOGIA METEOROLOGIA Y ESTUDIOS AMBIENTALES,Area Operativa 01 - Antioquia-Chocó,Antioquia,Medellín,12/05/2014 00:00,,PRECIPITACION,PTPM_TT_M,Precipitación total mensual,Mensual,1996-05-01 00:00,323.4,50,,900
27015330,OLAYA HERRERA - AUT [27015330],6.224679,-75.588225,1500,Sinóptica Principal,INSTITUTO DE HIDROLOGIA METEOROLOGIA Y ESTUDIOS AMBIENTALES,Area Operativa 01 - Antioquia-Chocó,Antioquia,Medellín,12/05/2014 00:00,,PRECIPITACION,PTPM_TT_M,Precipitación total mensual,Mensual,1996-06-01 00:00,151.4,50,,900
27015330,OLAYA HERRERA - AUT [27015330],6.224679,-75.588225,1500,Sinóptica Principal,INSTITUTO DE HIDROLOGIA METEOROLOGIA Y ESTUDIOS AMBIENTALES,Area Operativa 01 - Antioquia-Chocó,Antioquia,Medellín,12/05/2014 00:00,,PRECIPITACION,PTPM_TT_M,Precipitación total mensual,Mensual,1996-07-01 00:00,184.2,50,,900
27015330,OLAYA HERRERA - AUT [27015330],6.224679,-75.588225,1500,Sinóptica Principal,INSTITUTO DE HIDROLOGIA METEOROLOGIA Y ESTUDIOS AMBIENTALES,Area Operativa 01 - Antioquia-Chocó,Antioquia,Medellín,12/05/2014 00:00,,PRECIPITACION,PTPM_TT_M,Precipitación total mensual,Mensual,1996-08-01 00:00,226.2,50,,900
27015330,OLAYA HERRERA - AUT [27015330],6.224679,-75.588225,1500,Sinóptica Principal,INSTITUTO DE HIDROLOGIA METEOROLOGIA Y ESTUDIOS AMBIENTALES,Area Operativa 01 - Antioquia-Chocó,Antioquia,Medellín,12/05/2014 00:00,,PRECIPITACION,PTPM_TT_M,Precipitación total mensual,Mensual,1996-09-01 00:00,119.6,50,,900
27015330,OLAYA HERRERA - AUT [27015330],6.224679,-75.588225,1500,Sinóptica Principal,INSTITUTO DE HIDROLOGIA METEOROLOGIA Y ESTUDIOS AMBIENTALES,Area Operativa 01 - Antioquia-Chocó,Antioquia,Medellín,12/05/2014 00:00,,PRECIPITACION,PTPM_TT_M,Precipitación total mensual,Mensual,1996-10-01 00:00,195.4,50,,900
27015330,OLAYA HERRERA - AUT [27015330],6.224679,-75.588225,1500,Sinóptica Principal,INSTITUTO DE HIDROLOGIA METEOROLOGIA Y ESTUDIOS AMBIENTALES,Area Operativa 01 - Antioquia-Chocó,Antioquia,Medellín,12/05/2014 00:00,,PRECIPITACION,PTPM_TT_M,Precipitación total mensual,Mensual,1996-11-01 00:00,57.1,50,,900
27015330,OLAYA HERRERA - AUT [27015330],6.224679,-75.588225,1500,Sinóptica Principal,INSTITUTO DE HIDROLOGIA METEOROLOGIA Y ESTUDIOS AMBIENTALES,Area Operativa 01 - Antioquia-Chocó,Antioquia,Medellín,12/05/2014 00:00,,PRECIPITACION,PTPM_TT_M,Precipitación total mensual,Mensual,1996-12-01 00:00,82.8,50,,900
27015330,OLAYA HERRERA - AUT [27015330],6.224679,-75.588225,1500,Sinóptica Principal,INSTITUTO DE HIDROLOGIA METEOROLOGIA Y ESTUDIOS AMBIENTALES,Area Operativa 01 - Antioquia-Chocó,Antioquia,Medellín,12/05/2014 00:00,,PRECIPITACION,PTPM_TT_M,Precipitación total mensual,Mensual,1997-01-01 00:00,128.7,50,,900
27015330,OLAYA HERRERA - AUT [27015330],6.224679,-75.588225,1500,Sinóptica Principal,INSTITUTO DE HIDROLOGIA METEOROLOGIA Y ESTUDIOS AMBIENTALES,Area Operativa 01 - Antioquia-Chocó,Antioquia,Medellín,12/05/2014 00:00,,PRECIPITACION,PTPM_TT_M,Precipitación total mensual,Mensual,1997-02-01 00:00,102.8,50,,900
27015330,OLAYA HERRERA - AUT [27015330],6.224679,-75.588225,1500,Sinóptica Principal,INSTITUTO DE HIDROLOGIA METEOROLOGIA Y ESTUDIOS AMBIENTALES,Area Operativa 01 - Antioquia-Chocó,Antioquia,Medellín,12/05/2014 00:00,,PRECIPITACION,PTPM_TT_M,Precipitación total mensual,Mensual,1997-03-01 00:00,88.7,50,,900
27015330,OLAYA HERRERA - AUT [27015330],6.224679,-75.588225,1500,Sinóptica Principal,INSTITUTO DE HIDROLOGIA METEOROLOGIA Y ESTUDIOS AMBIENTALES,Area Operativa 01 - Antioquia-Chocó,Antioquia,Medellín,12/05/2014 00:00,,PRECIPITACION,PTPM_TT_M,Precipitación total mensual,Mensual,1997-04-01 00:00,164.2,50,,900
27015330,OLAYA HERRERA - AUT [27015330],6.224679,-75.588225,1500,Sinóptica Principal,INSTITUTO DE HIDROLOGIA METEOROLOGIA Y ESTUDIOS AMBIENTALES,Area Operativa 01 - Antioquia-Chocó,Antioquia,Medellín,12/05/2014 00:00,,PRECIPITACION,PTPM_TT_M,Precipitación total mensual,Mensual,1997-05-01 00:00,95.7,50,,900
27015330,OLAYA HERRERA - AUT [27015330],6.224679,-75.588225,1500,Sinóptica Principal,INSTITUTO DE HIDROLOGIA METEOROLOGIA Y ESTUDIOS AMBIENTALES,Area Operativa 01 - Antioquia-Chocó,Antioquia,Medellín,12/05/2014 00:00,,PRECIPITACION,PTPM_TT_M,Precipitación total mensual,Mensual,1997-06-01 00:00,228,50,,900
27015330,OLAYA HERRERA - AUT [27015330],6.224679,-75.588225,1500,Sinóptica Principal,INSTITUTO DE HIDROLOGIA METEOROLOGIA Y ESTUDIOS AMBIENTALES,Area Operativa 01 - Antioquia-Chocó,Antioquia,Medellín,12/05/2014 00:00,,PRECIPITACION,PTPM_TT_M,Precipitación total mensual,Mensual,1997-07-01 00:00,45.4,50,,900
27015330,OLAYA HERRERA - AUT [27015330],6.224679,-75.588225,1500,Sinóptica Principal,INSTITUTO DE HIDROLOGIA METEOROLOGIA Y ESTUDIOS AMBIENTALES,Area Operativa 01 - Antioquia-Chocó,Antioquia,Medellín,12/05/2014 00:00,,PRECIPITACION,PTPM_TT_M,Precipitación total mensual,Mensual,1997-08-01 00:00,12.3,50,,900
27015330,OLAYA HERRERA - AUT [27015330],6.224679,-75.588225,1500,Sinóptica Principal,INSTITUTO DE HIDROLOGIA METEOROLOGIA Y ESTUDIOS AMBIENTALES,Area Operativa 01 - Antioquia-Chocó,Antioquia,Medellín,12/05/2014 00:00,,PRECIPITACION,PTPM_TT_M,Precipitación total mensual,Mensual,1997-09-01 00:00,136.6,50,,900
27015330,OLAYA HERRERA - AUT [27015330],6.224679,-75.588225,1500,Sinóptica Principal,INSTITUTO DE HIDROLOGIA METEOROLOGIA Y ESTUDIOS AMBIENTALES,Area Operativa 01 - Antioquia-Chocó,Antioquia,Medellín,12/05/2014 00:00,,PRECIPITACION,PTPM_TT_M,Precipitación total mensual,Mensual,1997-10-01 00:00,146.8,50,,900
27015330,OLAYA HERRERA - AUT [27015330],6.224679,-75.588225,1500,Sinóptica Principal,INSTITUTO DE HIDROLOGIA METEOROLOGIA Y ESTUDIOS AMBIENTALES,Area Operativa 01 - Antioquia-Chocó,Antioquia,Medellín,12/05/2014 00:00,,PRECIPITACION,PTPM_TT_M,Precipitación total mensual,Mensual,1997-11-01 00:00,166.3,50,,900
27015330,OLAYA HERRERA - AUT [27015330],6.224679,-75.588225,1500,Sinóptica Principal,INSTITUTO DE HIDROLOGIA METEOROLOGIA Y ESTUDIOS AMBIENTALES,Area Operativa 01 - Antioquia-Chocó,Antioquia,Medellín,12/05/2014 00:00,,PRECIPITACION,PTPM_TT_M,Precipitación total mensual,Mensual,1997-12-01 00:00,86.7,50,,900
27015330,OLAYA HERRERA - AUT [27015330],6.224679,-75.588225,1500,Sinóptica Principal,INSTITUTO DE HIDROLOGIA METEOROLOGIA Y ESTUDIOS AMBIENTALES,Area Operativa 01 - Antioquia-Chocó,Antioquia,Medellín,12/05/2014 00:00,,PRECIPITACION,PTPM_TT_M,Precipitación total mensual,Mensual,1998-01-01 00:00,27.8,50,,900
27015330,OLAYA HERRERA - AUT [27015330],6.224679,-75.588225,1500,Sinóptica Principal,INSTITUTO DE HIDROLOGIA METEOROLOGIA Y ESTUDIOS AMBIENTALES,Area Operativa 01 - Antioquia-Chocó,Antioquia,Medellín,12/05/2014 00:00,,PRECIPITACION,PTPM_TT_M,Precipitación total mensual,Mensual,1998-02-01 00:00,50.6,50,,900
27015330,OLAYA HERRERA - AUT [27015330],6.224679,-75.588225,1500,Sinóptica Principal,INSTITUTO DE HIDROLOGIA METEOROLOGIA Y ESTUDIOS AMBIENTALES,Area Operativa 01 - Antioquia-Chocó,Antioquia,Medellín,12/05/2014 00:00,,PRECIPITACION,PTPM_TT_M,Precipitación total mensual,Mensual,1998-03-01 00:00,30,50,,900
27015330,OLAYA HERRERA - AUT [27015330],6.224679,-75.588225,1500,Sinóptica Principal,INSTITUTO DE HIDROLOGIA METEOROLOGIA Y ESTUDIOS AMBIENTALES,Area Operativa 01 - Antioquia-Chocó,Antioquia,Medellín,12/05/2014 00:00,,PRECIPITACION,PTPM_TT_M,Precipitación total mensual,Mensual,1998-04-01 00:00,169.7,50,,900
27015330,OLAYA HERRERA - AUT [27015330],6.224679,-75.588225,1500,Sinóptica Principal,INSTITUTO DE HIDROLOGIA METEOROLOGIA Y ESTUDIOS AMBIENTALES,Area Operativa 01 - Antioquia-Chocó,Antioquia,Medellín,12/05/2014 00:00,,PRECIPITACION,PTPM_TT_M,Precipitación total mensual,Mensual,1998-05-01 00:00,251.1,50,,900
27015330,OLAYA HERRERA - AUT [27015330],6.224679,-75.588225,1500,Sinóptica Principal,INSTITUTO DE HIDROLOGIA METEOROLOGIA Y ESTUDIOS AMBIENTALES,Area Operativa 01 - Antioquia-Chocó,Antioquia,Medellín,12/05/2014 00:00,,PRECIPITACION,PTPM_TT_M,Precipitación total mensual,Mensual,1998-06-01 00:00,97.5,50,,900
27015330,OLAYA HERRERA - AUT [27015330],6.224679,-75.588225,1500,Sinóptica Principal,INSTITUTO DE HIDROLOGIA METEOROLOGIA Y ESTUDIOS AMBIENTALES,Area Operativa 01 - Antioquia-Chocó,Antioquia,Medellín,12/05/2014 00:00,,PRECIPITACION,PTPM_TT_M,Precipitación total mensual,Mensual,1998-07-01 00:00,164.5,50,,900
27015330,OLAYA HERRERA - AUT [27015330],6.224679,-75.588225,1500,Sinóptica Principal,INSTITUTO DE HIDROLOGIA METEOROLOGIA Y ESTUDIOS AMBIENTALES,Area Operativa 01 - Antioquia-Chocó,Antioquia,Medellín,12/05/2014 00:00,,PRECIPITACION,PTPM_TT_M,Precipitación total mensual,Mensual,1998-08-01 00:00,134.8,50,,900
27015330,OLAYA HERRERA - AUT [27015330],6.224679,-75.588225,1500,Sinóptica Principal,INSTITUTO DE HIDROLOGIA METEOROLOGIA Y ESTUDIOS AMBIENTALES,Area Operativa 01 - Antioquia-Chocó,Antioquia,Medellín,12/05/2014 00:00,,PRECIPITACION,PTPM_TT_M,Precipitación total mensual,Mensual,1998-09-01 00:00,210.8,50,,900
27015330,OLAYA HERRERA - AUT [27015330],6.224679,-75.588225,1500,Sinóptica Principal,INSTITUTO DE HIDROLOGIA METEOROLOGIA Y ESTUDIOS AMBIENTALES,Area Operativa 01 - Antioquia-Chocó,Antioquia,Medellín,12/05/2014 00:00,,PRECIPITACION,PTPM_TT_M,Precipitación total mensual,Mensual,1998-10-01 00:00,245.9,50,,900
27015330,OLAYA HERRERA - AUT [27015330],6.224679,-75.588225,1500,Sinóptica Principal,INSTITUTO DE HIDROLOGIA METEOROLOGIA Y ESTUDIOS AMBIENTALES,Area Operativa 01 - Antioquia-Chocó,Antioquia,Medellín,12/05/2014 00:00,,PRECIPITACION,PTPM_TT_M,Precipitación total mensual,Mensual,1998-11-01 00:00,153,50,,900
27015330,OLAYA HERRERA - AUT [27015330],6.224679,-75.588225,1500,Sinóptica Principal,INSTITUTO DE HIDROLOGIA METEOROLOGIA Y ESTUDIOS AMBIENTALES,Area Operativa 01 - Antioquia-Chocó,Antioquia,Medellín,12/05/2014 00:00,,PRECIPITACION,PTPM_TT_M,Precipitación total mensual,Mensual,1998-12-01 00:00,192.2,50,,900
27015330,OLAYA HERRERA - AUT [27015330],6.224679,-75.588225,1500,Sinóptica Principal,INSTITUTO DE HIDROLOGIA METEOROLOGIA Y ESTUDIOS AMBIENTALES,Area Operativa 01 - Antioquia-Chocó,Antioquia,Medellín,12/05/2014 00:00,,PRECIPITACION,PTPM_TT_M,Precipitación total mensual,Mensual,1999-01-01 00:00,110,50,,900
27015330,OLAYA HERRERA - AUT [27015330],6.224679,-75.588225,1500,Sinóptica Principal,INSTITUTO DE HIDROLOGIA METEOROLOGIA Y ESTUDIOS AMBIENTALES,Area Operativa 01 - Antioquia-Chocó,Antioquia,Medellín,12/05/2014 00:00,,PRECIPITACION,PTPM_TT_M,Precipitación total mensual,Mensual,1999-02-01 00:00,177.1,50,,900
27015330,OLAYA HERRERA - AUT [27015330],6.224679,-75.588225,1500,Sinóptica Principal,INSTITUTO DE HIDROLOGIA METEOROLOGIA Y ESTUDIOS AMBIENTALES,Area Operativa 01 - Antioquia-Chocó,Antioquia,Medellín,12/05/2014 00:00,,PRECIPITACION,PTPM_TT_M,Precipitación total mensual,Mensual,1999-03-01 00:00,206,50,,900
27015330,OLAYA HERRERA - AUT [27015330],6.224679,-75.588225,1500,Sinóptica Principal,INSTITUTO DE HIDROLOGIA METEOROLOGIA Y ESTUDIOS AMBIENTALES,Area Operativa 01 - Antioquia-Chocó,Antioquia,Medellín,12/05/2014 00:00,,PRECIPITACION,PTPM_TT_M,Precipitación total mensual,Mensual,1999-04-01 00:00,187.9,50,,900
27015330,OLAYA HERRERA - AUT [27015330],6.224679,-75.588225,1500,Sinóptica Principal,INSTITUTO DE HIDROLOGIA METEOROLOGIA Y ESTUDIOS AMBIENTALES,Area Operativa 01 - Antioquia-Chocó,Antioquia,Medellín,12/05/2014 00:00,,PRECIPITACION,PTPM_TT_M,Precipitación total mensual,Mensual,1999-05-01 00:00,179.7,50,,900
27015330,OLAYA HERRERA - AUT [27015330],6.224679,-75.588225,1500,Sinóptica Principal,INSTITUTO DE HIDROLOGIA METEOROLOGIA Y ESTUDIOS AMBIENTALES,Area Operativa 01 - Antioquia-Chocó,Antioquia,Medellín,12/05/2014 00:00,,PRECIPITACION,PTPM_TT_M,Precipitación total mensual,Mensual,1999-06-01 00:00,317,50,,900
27015330,OLAYA HERRERA - AUT [27015330],6.224679,-75.588225,1500,Sinóptica Principal,INSTITUTO DE HIDROLOGIA METEOROLOGIA Y ESTUDIOS AMBIENTALES,Area Operativa 01 - Antioquia-Chocó,Antioquia,Medellín,12/05/2014 00:00,,PRECIPITACION,PTPM_TT_M,Precipitación total mensual,Mensual,1999-07-01 00:00,73.6,50,,900
27015330,OLAYA HERRERA - AUT [27015330],6.224679,-75.588225,1500,Sinóptica Principal,INSTITUTO DE HIDROLOGIA METEOROLOGIA Y ESTUDIOS AMBIENTALES,Area Operativa 01 - Antioquia-Chocó,Antioquia,Medellín,12/05/2014 00:00,,PRECIPITACION,PTPM_TT_M,Precipitación total mensual,Mensual,1999-08-01 00:00,75.4,50,,900
27015330,OLAYA HERRERA - AUT [27015330],6.224679,-75.588225,1500,Sinóptica Principal,INSTITUTO DE HIDROLOGIA METEOROLOGIA Y ESTUDIOS AMBIENTALES,Area Operativa 01 - Antioquia-Chocó,Antioquia,Medellín,12/05/2014 00:00,,PRECIPITACION,PTPM_TT_M,Precipitación total mensual,Mensual,1999-09-01 00:00,322.2,50,,900
27015330,OLAYA HERRERA - AUT [27015330],6.224679,-75.588225,1500,Sinóptica Principal,INSTITUTO DE HIDROLOGIA METEOROLOGIA Y ESTUDIOS AMBIENTALES,Area Operativa 01 - Antioquia-Chocó,Antioquia,Medellín,12/05/2014 00:00,,PRECIPITACION,PTPM_TT_M,Precipitación total mensual,Mensual,1999-10-01 00:00,238,50,,900
27015330,OLAYA HERRERA - AUT [27015330],6.224679,-75.588225,1500,Sinóptica Principal,INSTITUTO DE HIDROLOGIA METEOROLOGIA Y ESTUDIOS AMBIENTALES,Area Operativa 01 - Antioquia-Chocó,Antioquia,Medellín,12/05/2014 00:00,,PRECIPITACION,PTPM_TT_M,Precipitación total mensual,Mensual,1999-11-01 00:00,182.7,50,,900
27015330,OLAYA HERRERA - AUT [27015330],6.224679,-75.588225,1500,Sinóptica Principal,INSTITUTO DE HIDROLOGIA METEOROLOGIA Y ESTUDIOS AMBIENTALES,Area Operativa 01 - Antioquia-Chocó,Antioquia,Medellín,12/05/2014 00:00,,PRECIPITACION,PTPM_TT_M,Precipitación total mensual,Mensual,1999-12-01 00:00,162.7,50,,900
27015330,OLAYA HERRERA - AUT [27015330],6.224679,-75.588225,1500,Sinóptica Principal,INSTITUTO DE HIDROLOGIA METEOROLOGIA Y ESTUDIOS AMBIENTALES,Area Operativa 01 - Antioquia-Chocó,Antioquia,Medellín,12/05/2014 00:00,,PRECIPITACION,PTPM_TT_M,Precipitación total mensual,Mensual,2000-01-01 00:00,111.4,50,,900
27015330,OLAYA HERRERA - AUT [27015330],6.224679,-75.588225,1500,Sinóptica Principal,INSTITUTO DE HIDROLOGIA METEOROLOGIA Y ESTUDIOS AMBIENTALES,Area Operativa 01 - Antioquia-Chocó,Antioquia,Medellín,12/05/2014 00:00,,PRECIPITACION,PTPM_TT_M,Precipitación total mensual,Mensual,2000-02-01 00:00,138.3,50,,900
27015330,OLAYA HERRERA - AUT [27015330],6.224679,-75.588225,1500,Sinóptica Principal,INSTITUTO DE HIDROLOGIA METEOROLOGIA Y ESTUDIOS AMBIENTALES,Area Operativa 01 - Antioquia-Chocó,Antioquia,Medellín,12/05/2014 00:00,,PRECIPITACION,PTPM_TT_M,Precipitación total mensual,Mensual,2000-03-01 00:00,172.4,50,,900
27015330,OLAYA HERRERA - AUT [27015330],6.224679,-75.588225,1500,Sinóptica Principal,INSTITUTO DE HIDROLOGIA METEOROLOGIA Y ESTUDIOS AMBIENTALES,Area Operativa 01 - Antioquia-Chocó,Antioquia,Medellín,12/05/2014 00:00,,PRECIPITACION,PTPM_TT_M,Precipitación total mensual,Mensual,2000-04-01 00:00,148.9,50,,900
27015330,OLAYA HERRERA - AUT [27015330],6.224679,-75.588225,1500,Sinóptica Principal,INSTITUTO DE HIDROLOGIA METEOROLOGIA Y ESTUDIOS AMBIENTALES,Area Operativa 01 - Antioquia-Chocó,Antioquia,Medellín,12/05/2014 00:00,,PRECIPITACION,PTPM_TT_M,Precipitación total mensual,Mensual,2000-05-01 00:00,400.1,50,,900
27015330,OLAYA HERRERA - AUT [27015330],6.224679,-75.588225,1500,Sinóptica Principal,INSTITUTO DE HIDROLOGIA METEOROLOGIA Y ESTUDIOS AMBIENTALES,Area Operativa 01 - Antioquia-Chocó,Antioquia,Medellín,12/05/2014 00:00,,PRECIPITACION,PTPM_TT_M,Precipitación total mensual,Mensual,2000-06-01 00:00,242.7,50,,900
27015330,OLAYA HERRERA - AUT [27015330],6.224679,-75.588225,1500,Sinóptica Principal,INSTITUTO DE HIDROLOGIA METEOROLOGIA Y ESTUDIOS AMBIENTALES,Area Operativa 01 - Antioquia-Chocó,Antioquia,Medellín,12/05/2014 00:00,,PRECIPITACION,PTPM_TT_M,Precipitación total mensual,Mensual,2000-07-01 00:00,201.1,50,,900
27015330,OLAYA HERRERA - AUT [27015330],6.224679,-75.588225,1500,Sinóptica Principal,INSTITUTO DE HIDROLOGIA METEOROLOGIA Y ESTUDIOS AMBIENTALES,Area Operativa 01 - Antioquia-Chocó,Antioquia,Medellín,12/05/2014 00:00,,PRECIPITACION,PTPM_TT_M,Precipitación total mensual,Mensual,2000-08-01 00:00,145.7,50,,900
27015330,OLAYA HERRERA - AUT [27015330],6.224679,-75.588225,1500,Sinóptica Principal,INSTITUTO DE HIDROLOGIA METEOROLOGIA Y ESTUDIOS AMBIENTALES,Area Operativa 01 - Antioquia-Chocó,Antioquia,Medellín,12/05/2014 00:00,,PRECIPITACION,PTPM_TT_M,Precipitación total mensual,Mensual,2000-09-01 00:00,241.6,50,,900
27015330,OLAYA HERRERA - AUT [27015330],6.224679,-75.588225,1500,Sinóptica Principal,INSTITUTO DE HIDROLOGIA METEOROLOGIA Y ESTUDIOS AMBIENTALES,Area Operativa 01 - Antioquia-Chocó,Antioquia,Medellín,12/05/2014 00:00,,PRECIPITACION,PTPM_TT_M,Precipitación total mensual,Mensual,2000-10-01 00:00,122.4,50,,900
27015330,OLAYA HERRERA - AUT [27015330],6.224679,-75.588225,1500,Sinóptica Principal,INSTITUTO DE HIDROLOGIA METEOROLOGIA Y ESTUDIOS AMBIENTALES,Area Operativa 01 - Antioquia-Chocó,Antioquia,Medellín,12/05/2014 00:00,,PRECIPITACION,PTPM_TT_M,Precipitación total mensual,Mensual,2000-11-01 00:00,73.7,50,,900
27015330,OLAYA HERRERA - AUT [27015330],6.224679,-75.588225,1500,Sinóptica Principal,INSTITUTO DE HIDROLOGIA METEOROLOGIA Y ESTUDIOS AMBIENTALES,Area Operativa 01 - Antioquia-Chocó,Antioquia,Medellín,12/05/2014 00:00,,PRECIPITACION,PTPM_TT_M,Precipitación total mensual,Mensual,2000-12-01 00:00,134,50,,900
27015330,OLAYA HERRERA - AUT [27015330],6.224679,-75.588225,1500,Sinóptica Principal,INSTITUTO DE HIDROLOGIA METEOROLOGIA Y ESTUDIOS AMBIENTALES,Area Operativa 01 - Antioquia-Chocó,Antioquia,Medellín,12/05/2014 00:00,,PRECIPITACION,PTPM_TT_M,Precipitación total mensual,Mensual,2001-01-01 00:00,72.1,50,,900
27015330,OLAYA HERRERA - AUT [27015330],6.224679,-75.588225,1500,Sinóptica Principal,INSTITUTO DE HIDROLOGIA METEOROLOGIA Y ESTUDIOS AMBIENTALES,Area Operativa 01 - Antioquia-Chocó,Antioquia,Medellín,12/05/2014 00:00,,PRECIPITACION,PTPM_TT_M,Precipitación total mensual,Mensual,2001-02-01 00:00,48.6,50,,900
27015330,OLAYA HERRERA - AUT [27015330],6.224679,-75.588225,1500,Sinóptica Principal,INSTITUTO DE HIDROLOGIA METEOROLOGIA Y ESTUDIOS AMBIENTALES,Area Operativa 01 - Antioquia-Chocó,Antioquia,Medellín,12/05/2014 00:00,,PRECIPITACION,PTPM_TT_M,Precipitación total mensual,Mensual,2001-03-01 00:00,90.1,50,,900
27015330,OLAYA HERRERA - AUT [27015330],6.224679,-75.588225,1500,Sinóptica Principal,INSTITUTO DE HIDROLOGIA METEOROLOGIA Y ESTUDIOS AMBIENTALES,Area Operativa 01 - Antioquia-Chocó,Antioquia,Medellín,12/05/2014 00:00,,PRECIPITACION,PTPM_TT_M,Precipitación total mensual,Mensual,2001-04-01 00:00,62.6,50,,900
27015330,OLAYA HERRERA - AUT [27015330],6.224679,-75.588225,1500,Sinóptica Principal,INSTITUTO DE HIDROLOGIA METEOROLOGIA Y ESTUDIOS AMBIENTALES,Area Operativa 01 - Antioquia-Chocó,Antioquia,Medellín,12/05/2014 00:00,,PRECIPITACION,PTPM_TT_M,Precipitación total mensual,Mensual,2001-05-01 00:00,124,50,,900
27015330,OLAYA HERRERA - AUT [27015330],6.224679,-75.588225,1500,Sinóptica Principal,INSTITUTO DE HIDROLOGIA METEOROLOGIA Y ESTUDIOS AMBIENTALES,Area Operativa 01 - Antioquia-Chocó,Antioquia,Medellín,12/05/2014 00:00,,PRECIPITACION,PTPM_TT_M,Precipitación total mensual,Mensual,2001-06-01 00:00,76.3,50,,900
27015330,OLAYA HERRERA - AUT [27015330],6.224679,-75.588225,1500,Sinóptica Principal,INSTITUTO DE HIDROLOGIA METEOROLOGIA Y ESTUDIOS AMBIENTALES,Area Operativa 01 - Antioquia-Chocó,Antioquia,Medellín,12/05/2014 00:00,,PRECIPITACION,PTPM_TT_M,Precipitación total mensual,Mensual,2001-07-01 00:00,150.7,50,,900
27015330,OLAYA HERRERA - AUT [27015330],6.224679,-75.588225,1500,Sinóptica Principal,INSTITUTO DE HIDROLOGIA METEOROLOGIA Y ESTUDIOS AMBIENTALES,Area Operativa 01 - Antioquia-Chocó,Antioquia,Medellín,12/05/2014 00:00,,PRECIPITACION,PTPM_TT_M,Precipitación total mensual,Mensual,2001-08-01 00:00,18.4,50,,900
27015330,OLAYA HERRERA - AUT [27015330],6.224679,-75.588225,1500,Sinóptica Principal,INSTITUTO DE HIDROLOGIA METEOROLOGIA Y ESTUDIOS AMBIENTALES,Area Operativa 01 - Antioquia-Chocó,Antioquia,Medellín,12/05/2014 00:00,,PRECIPITACION,PTPM_TT_M,Precipitación total mensual,Mensual,2001-09-01 00:00,191.8,50,,900
27015330,OLAYA HERRERA - AUT [27015330],6.224679,-75.588225,1500,Sinóptica Principal,INSTITUTO DE HIDROLOGIA METEOROLOGIA Y ESTUDIOS AMBIENTALES,Area Operativa 01 - Antioquia-Chocó,Antioquia,Medellín,12/05/2014 00:00,,PRECIPITACION,PTPM_TT_M,Precipitación total mensual,Mensual,2001-10-01 00:00,285.5,50,,900
27015330,OLAYA HERRERA - AUT [27015330],6.224679,-75.588225,1500,Sinóptica Principal,INSTITUTO DE HIDROLOGIA METEOROLOGIA Y ESTUDIOS AMBIENTALES,Area Operativa 01 - Antioquia-Chocó,Antioquia,Medellín,12/05/2014 00:00,,PRECIPITACION,PTPM_TT_M,Precipitación total mensual,Mensual,2001-11-01 00:00,136,50,,900
27015330,OLAYA HERRERA - AUT [27015330],6.224679,-75.588225,1500,Sinóptica Principal,INSTITUTO DE HIDROLOGIA METEOROLOGIA Y ESTUDIOS AMBIENTALES,Area Operativa 01 - Antioquia-Chocó,Antioquia,Medellín,12/05/2014 00:00,,PRECIPITACION,PTPM_TT_M,Precipitación total mensual,Mensual,2001-12-01 00:00,155.8,50,,900
27015330,OLAYA HERRERA - AUT [27015330],6.224679,-75.588225,1500,Sinóptica Principal,INSTITUTO DE HIDROLOGIA METEOROLOGIA Y ESTUDIOS AMBIENTALES,Area Operativa 01 - Antioquia-Chocó,Antioquia,Medellín,12/05/2014 00:00,,PRECIPITACION,PTPM_TT_M,Precipitación total mensual,Mensual,2002-01-01 00:00,31.6,50,,900
27015330,OLAYA HERRERA - AUT [27015330],6.224679,-75.588225,1500,Sinóptica Principal,INSTITUTO DE HIDROLOGIA METEOROLOGIA Y ESTUDIOS AMBIENTALES,Area Operativa 01 - Antioquia-Chocó,Antioquia,Medellín,12/05/2014 00:00,,PRECIPITACION,PTPM_TT_M,Precipitación total mensual,Mensual,2002-02-01 00:00,52,50,,900
27015330,OLAYA HERRERA - AUT [27015330],6.224679,-75.588225,1500,Sinóptica Principal,INSTITUTO DE HIDROLOGIA METEOROLOGIA Y ESTUDIOS AMBIENTALES,Area Operativa 01 - Antioquia-Chocó,Antioquia,Medellín,12/05/2014 00:00,,PRECIPITACION,PTPM_TT_M,Precipitación total mensual,Mensual,2002-03-01 00:00,72.4,50,,900
27015330,OLAYA HERRERA - AUT [27015330],6.224679,-75.588225,1500,Sinóptica Principal,INSTITUTO DE HIDROLOGIA METEOROLOGIA Y ESTUDIOS AMBIENTALES,Area Operativa 01 - Antioquia-Chocó,Antioquia,Medellín,12/05/2014 00:00,,PRECIPITACION,PTPM_TT_M,Precipitación total mensual,Mensual,2002-04-01 00:00,207.6,50,,900
27015330,OLAYA HERRERA - AUT [27015330],6.224679,-75.588225,1500,Sinóptica Principal,INSTITUTO DE HIDROLOGIA METEOROLOGIA Y ESTUDIOS AMBIENTALES,Area Operativa 01 - Antioquia-Chocó,Antioquia,Medellín,12/05/2014 00:00,,PRECIPITACION,PTPM_TT_M,Precipitación total mensual,Mensual,2002-05-01 00:00,234.3,50,,900
27015330,OLAYA HERRERA - AUT [27015330],6.224679,-75.588225,1500,Sinóptica Principal,INSTITUTO DE HIDROLOGIA METEOROLOGIA Y ESTUDIOS AMBIENTALES,Area Operativa 01 - Antioquia-Chocó,Antioquia,Medellín,12/05/2014 00:00,,PRECIPITACION,PTPM_TT_M,Precipitación total mensual,Mensual,2002-06-01 00:00,150.7,50,,900
27015330,OLAYA HERRERA - AUT [27015330],6.224679,-75.588225,1500,Sinóptica Principal,INSTITUTO DE HIDROLOGIA METEOROLOGIA Y ESTUDIOS AMBIENTALES,Area Operativa 01 - Antioquia-Chocó,Antioquia,Medellín,12/05/2014 00:00,,PRECIPITACION,PTPM_TT_M,Precipitación total mensual,Mensual,2002-07-01 00:00,81.6,50,,900
27015330,OLAYA HERRERA - AUT [27015330],6.224679,-75.588225,1500,Sinóptica Principal,INSTITUTO DE HIDROLOGIA METEOROLOGIA Y ESTUDIOS AMBIENTALES,Area Operativa 01 - Antioquia-Chocó,Antioquia,Medellín,12/05/2014 00:00,,PRECIPITACION,PTPM_TT_M,Precipitación total mensual,Mensual,2002-08-01 00:00,67.8,50,,900
27015330,OLAYA HERRERA - AUT [27015330],6.224679,-75.588225,1500,Sinóptica Principal,INSTITUTO DE HIDROLOGIA METEOROLOGIA Y ESTUDIOS AMBIENTALES,Area Operativa 01 - Antioquia-Chocó,Antioquia,Medellín,12/05/2014 00:00,,PRECIPITACION,PTPM_TT_M,Precipitación total mensual,Mensual,2002-09-01 00:00,133.4,50,,900
27015330,OLAYA HERRERA - AUT [27015330],6.224679,-75.588225,1500,Sinóptica Principal,INSTITUTO DE HIDROLOGIA METEOROLOGIA Y ESTUDIOS AMBIENTALES,Area Operativa 01 - Antioquia-Chocó,Antioquia,Medellín,12/05/2014 00:00,,PRECIPITACION,PTPM_TT_M,Precipitación total mensual,Mensual,2002-10-01 00:00,163.3,50,,900
27015330,OLAYA HERRERA - AUT [27015330],6.224679,-75.588225,1500,Sinóptica Principal,INSTITUTO DE HIDROLOGIA METEOROLOGIA Y ESTUDIOS AMBIENTALES,Area Operativa 01 - Antioquia-Chocó,Antioquia,Medellín,12/05/2014 00:00,,PRECIPITACION,PTPM_TT_M,Precipitación total mensual,Mensual,2002-11-01 00:00,115.1,50,,900
27015330,OLAYA HERRERA - AUT [27015330],6.224679,-75.588225,1500,Sinóptica Principal,INSTITUTO DE HIDROLOGIA METEOROLOGIA Y ESTUDIOS AMBIENTALES,Area Operativa 01 - Antioquia-Chocó,Antioquia,Medellín,12/05/2014 00:00,,PRECIPITACION,PTPM_TT_M,Precipitación total mensual,Mensual,2002-12-01 00:00,139.9,50,,900
27015330,OLAYA HERRERA - AUT [27015330],6.224679,-75.588225,1500,Sinóptica Principal,INSTITUTO DE HIDROLOGIA METEOROLOGIA Y ESTUDIOS AMBIENTALES,Area Operativa 01 - Antioquia-Chocó,Antioquia,Medellín,12/05/2014 00:00,,PRECIPITACION,PTPM_TT_M,Precipitación total mensual,Mensual,2003-01-01 00:00,3.3,50,,900
27015330,OLAYA HERRERA - AUT [27015330],6.224679,-75.588225,1500,Sinóptica Principal,INSTITUTO DE HIDROLOGIA METEOROLOGIA Y ESTUDIOS AMBIENTALES,Area Operativa 01 - Antioquia-Chocó,Antioquia,Medellín,12/05/2014 00:00,,PRECIPITACION,PTPM_TT_M,Precipitación total mensual,Mensual,2003-02-01 00:00,93.4,50,,900
27015330,OLAYA HERRERA - AUT [27015330],6.224679,-75.588225,1500,Sinóptica Principal,INSTITUTO DE HIDROLOGIA METEOROLOGIA Y ESTUDIOS AMBIENTALES,Area Operativa 01 - Antioquia-Chocó,Antioquia,Medellín,12/05/2014 00:00,,PRECIPITACION,PTPM_TT_M,Precipitación total mensual,Mensual,2003-03-01 00:00,92.6,50,,900
27015330,OLAYA HERRERA - AUT [27015330],6.224679,-75.588225,1500,Sinóptica Principal,INSTITUTO DE HIDROLOGIA METEOROLOGIA Y ESTUDIOS AMBIENTALES,Area Operativa 01 - Antioquia-Chocó,Antioquia,Medellín,12/05/2014 00:00,,PRECIPITACION,PTPM_TT_M,Precipitación total mensual,Mensual,2003-04-01 00:00,195.6,50,,900
27015330,OLAYA HERRERA - AUT [27015330],6.224679,-75.588225,1500,Sinóptica Principal,INSTITUTO DE HIDROLOGIA METEOROLOGIA Y ESTUDIOS AMBIENTALES,Area Operativa 01 - Antioquia-Chocó,Antioquia,Medellín,12/05/2014 00:00,,PRECIPITACION,PTPM_TT_M,Precipitación total mensual,Mensual,2003-05-01 00:00,173.3,50,,900
27015330,OLAYA HERRERA - AUT [27015330],6.224679,-75.588225,1500,Sinóptica Principal,INSTITUTO DE HIDROLOGIA METEOROLOGIA Y ESTUDIOS AMBIENTALES,Area Operativa 01 - Antioquia-Chocó,Antioquia,Medellín,12/05/2014 00:00,,PRECIPITACION,PTPM_TT_M,Precipitación total mensual,Mensual,2003-06-01 00:00,231.3,50,,900
27015330,OLAYA HERRERA - AUT [27015330],6.224679,-75.588225,1500,Sinóptica Principal,INSTITUTO DE HIDROLOGIA METEOROLOGIA Y ESTUDIOS AMBIENTALES,Area Operativa 01 - Antioquia-Chocó,Antioquia,Medellín,12/05/2014 00:00,,PRECIPITACION,PTPM_TT_M,Precipitación total mensual,Mensual,2003-07-01 00:00,87.3,50,,900
27015330,OLAYA HERRERA - AUT [27015330],6.224679,-75.588225,1500,Sinóptica Principal,INSTITUTO DE HIDROLOGIA METEOROLOGIA Y ESTUDIOS AMBIENTALES,Area Operativa 01 - Antioquia-Chocó,Antioquia,Medellín,12/05/2014 00:00,,PRECIPITACION,PTPM_TT_M,Precipitación total mensual,Mensual,2003-08-01 00:00,114.9,50,,900
27015330,OLAYA HERRERA - AUT [27015330],6.224679,-75.588225,1500,Sinóptica Principal,INSTITUTO DE HIDROLOGIA METEOROLOGIA Y ESTUDIOS AMBIENTALES,Area Operativa 01 - Antioquia-Chocó,Antioquia,Medellín,12/05/2014 00:00,,PRECIPITACION,PTPM_TT_M,Precipitación total mensual,Mensual,2003-09-01 00:00,161.1,50,,900
27015330,OLAYA HERRERA - AUT [27015330],6.224679,-75.588225,1500,Sinóptica Principal,INSTITUTO DE HIDROLOGIA METEOROLOGIA Y ESTUDIOS AMBIENTALES,Area Operativa 01 - Antioquia-Chocó,Antioquia,Medellín,12/05/2014 00:00,,PRECIPITACION,PTPM_TT_M,Precipitación total mensual,Mensual,2003-10-01 00:00,216.5,50,,900
27015330,OLAYA HERRERA - AUT [27015330],6.224679,-75.588225,1500,Sinóptica Principal,INSTITUTO DE HIDROLOGIA METEOROLOGIA Y ESTUDIOS AMBIENTALES,Area Operativa 01 - Antioquia-Chocó,Antioquia,Medellín,12/05/2014 00:00,,PRECIPITACION,PTPM_TT_M,Precipitación total mensual,Mensual,2003-11-01 00:00,203.4,50,,900
27015330,OLAYA HERRERA - AUT [27015330],6.224679,-75.588225,1500,Sinóptica Principal,INSTITUTO DE HIDROLOGIA METEOROLOGIA Y ESTUDIOS AMBIENTALES,Area Operativa 01 - Antioquia-Chocó,Antioquia,Medellín,12/05/2014 00:00,,PRECIPITACION,PTPM_TT_M,Precipitación total mensual,Mensual,2003-12-01 00:00,77.5,50,,900
27015330,OLAYA HERRERA - AUT [27015330],6.224679,-75.588225,1500,Sinóptica Principal,INSTITUTO DE HIDROLOGIA METEOROLOGIA Y ESTUDIOS AMBIENTALES,Area Operativa 01 - Antioquia-Chocó,Antioquia,Medellín,12/05/2014 00:00,,PRECIPITACION,PTPM_TT_M,Precipitación total mensual,Mensual,2004-01-01 00:00,144.4,50,,900
27015330,OLAYA HERRERA - AUT [27015330],6.224679,-75.588225,1500,Sinóptica Principal,INSTITUTO DE HIDROLOGIA METEOROLOGIA Y ESTUDIOS AMBIENTALES,Area Operativa 01 - Antioquia-Chocó,Antioquia,Medellín,12/05/2014 00:00,,PRECIPITACION,PTPM_TT_M,Precipitación total mensual,Mensual,2004-02-01 00:00,87.9,50,,900
27015330,OLAYA HERRERA - AUT [27015330],6.224679,-75.588225,1500,Sinóptica Principal,INSTITUTO DE HIDROLOGIA METEOROLOGIA Y ESTUDIOS AMBIENTALES,Area Operativa 01 - Antioquia-Chocó,Antioquia,Medellín,12/05/2014 00:00,,PRECIPITACION,PTPM_TT_M,Precipitación total mensual,Mensual,2004-03-01 00:00,96.4,50,,900
27015330,OLAYA HERRERA - AUT [27015330],6.224679,-75.588225,1500,Sinóptica Principal,INSTITUTO DE HIDROLOGIA METEOROLOGIA Y ESTUDIOS AMBIENTALES,Area Operativa 01 - Antioquia-Chocó,Antioquia,Medellín,12/05/2014 00:00,,PRECIPITACION,PTPM_TT_M,Precipitación total mensual,Mensual,2004-04-01 00:00,221.5,50,,900
27015330,OLAYA HERRERA - AUT [27015330],6.224679,-75.588225,1500,Sinóptica Principal,INSTITUTO DE HIDROLOGIA METEOROLOGIA Y ESTUDIOS AMBIENTALES,Area Operativa 01 - Antioquia-Chocó,Antioquia,Medellín,12/05/2014 00:00,,PRECIPITACION,PTPM_TT_M,Precipitación total mensual,Mensual,2004-05-01 00:00,207.3,50,,900
27015330,OLAYA HERRERA - AUT [27015330],6.224679,-75.588225,1500,Sinóptica Principal,INSTITUTO DE HIDROLOGIA METEOROLOGIA Y ESTUDIOS AMBIENTALES,Area Operativa 01 - Antioquia-Chocó,Antioquia,Medellín,12/05/2014 00:00,,PRECIPITACION,PTPM_TT_M,Precipitación total mensual,Mensual,2004-06-01 00:00,50.4,50,,900
27015330,OLAYA HERRERA - AUT [27015330],6.224679,-75.588225,1500,Sinóptica Principal,INSTITUTO DE HIDROLOGIA METEOROLOGIA Y ESTUDIOS AMBIENTALES,Area Operativa 01 - Antioquia-Chocó,Antioquia,Medellín,12/05/2014 00:00,,PRECIPITACION,PTPM_TT_M,Precipitación total mensual,Mensual,2004-07-01 00:00,191.5,50,,900
27015330,OLAYA HERRERA - AUT [27015330],6.224679,-75.588225,1500,Sinóptica Principal,INSTITUTO DE HIDROLOGIA METEOROLOGIA Y ESTUDIOS AMBIENTALES,Area Operativa 01 - Antioquia-Chocó,Antioquia,Medellín,12/05/2014 00:00,,PRECIPITACION,PTPM_TT_M,Precipitación total mensual,Mensual,2004-08-01 00:00,102.4,50,,900
27015330,OLAYA HERRERA - AUT [27015330],6.224679,-75.588225,1500,Sinóptica Principal,INSTITUTO DE HIDROLOGIA METEOROLOGIA Y ESTUDIOS AMBIENTALES,Area Operativa 01 - Antioquia-Chocó,Antioquia,Medellín,12/05/2014 00:00,,PRECIPITACION,PTPM_TT_M,Precipitación total mensual,Mensual,2004-09-01 00:00,221.3,50,,900
27015330,OLAYA HERRERA - AUT [27015330],6.224679,-75.588225,1500,Sinóptica Principal,INSTITUTO DE HIDROLOGIA METEOROLOGIA Y ESTUDIOS AMBIENTALES,Area Operativa 01 - Antioquia-Chocó,Antioquia,Medellín,12/05/2014 00:00,,PRECIPITACION,PTPM_TT_M,Precipitación total mensual,Mensual,2004-10-01 00:00,266.4,50,,900
27015330,OLAYA HERRERA - AUT [27015330],6.224679,-75.588225,1500,Sinóptica Principal,INSTITUTO DE HIDROLOGIA METEOROLOGIA Y ESTUDIOS AMBIENTALES,Area Operativa 01 - Antioquia-Chocó,Antioquia,Medellín,12/05/2014 00:00,,PRECIPITACION,PTPM_TT_M,Precipitación total mensual,Mensual,2004-11-01 00:00,155,50,,900
27015330,OLAYA HERRERA - AUT [27015330],6.224679,-75.588225,1500,Sinóptica Principal,INSTITUTO DE HIDROLOGIA METEOROLOGIA Y ESTUDIOS AMBIENTALES,Area Operativa 01 - Antioquia-Chocó,Antioquia,Medellín,12/05/2014 00:00,,PRECIPITACION,PTPM_TT_M,Precipitación total mensual,Mensual,2004-12-01 00:00,99.9,50,,900
27015330,OLAYA HERRERA - AUT [27015330],6.224679,-75.588225,1500,Sinóptica Principal,INSTITUTO DE HIDROLOGIA METEOROLOGIA Y ESTUDIOS AMBIENTALES,Area Operativa 01 - Antioquia-Chocó,Antioquia,Medellín,12/05/2014 00:00,,PRECIPITACION,PTPM_TT_M,Precipitación total mensual,Mensual,2005-01-01 00:00,41,50,,900
27015330,OLAYA HERRERA - AUT [27015330],6.224679,-75.588225,1500,Sinóptica Principal,INSTITUTO DE HIDROLOGIA METEOROLOGIA Y ESTUDIOS AMBIENTALES,Area Operativa 01 - Antioquia-Chocó,Antioquia,Medellín,12/05/2014 00:00,,PRECIPITACION,PTPM_TT_M,Precipitación total mensual,Mensual,2005-02-01 00:00,18.1,50,,900
27015330,OLAYA HERRERA - AUT [27015330],6.224679,-75.588225,1500,Sinóptica Principal,INSTITUTO DE HIDROLOGIA METEOROLOGIA Y ESTUDIOS AMBIENTALES,Area Operativa 01 - Antioquia-Chocó,Antioquia,Medellín,12/05/2014 00:00,,PRECIPITACION,PTPM_TT_M,Precipitación total mensual,Mensual,2005-03-01 00:00,136.1,50,,900
27015330,OLAYA HERRERA - AUT [27015330],6.224679,-75.588225,1500,Sinóptica Principal,INSTITUTO DE HIDROLOGIA METEOROLOGIA Y ESTUDIOS AMBIENTALES,Area Operativa 01 - Antioquia-Chocó,Antioquia,Medellín,12/05/2014 00:00,,PRECIPITACION,PTPM_TT_M,Precipitación total mensual,Mensual,2005-04-01 00:00,180.4,50,,900
27015330,OLAYA HERRERA - AUT [27015330],6.224679,-75.588225,1500,Sinóptica Principal,INSTITUTO DE HIDROLOGIA METEOROLOGIA Y ESTUDIOS AMBIENTALES,Area Operativa 01 - Antioquia-Chocó,Antioquia,Medellín,12/05/2014 00:00,,PRECIPITACION,PTPM_TT_M,Precipitación total mensual,Mensual,2005-05-01 00:00,402.3,50,,900
27015330,OLAYA HERRERA - AUT [27015330],6.224679,-75.588225,1500,Sinóptica Principal,INSTITUTO DE HIDROLOGIA METEOROLOGIA Y ESTUDIOS AMBIENTALES,Area Operativa 01 - Antioquia-Chocó,Antioquia,Medellín,12/05/2014 00:00,,PRECIPITACION,PTPM_TT_M,Precipitación total mensual,Mensual,2005-06-01 00:00,102.8,50,,900
27015330,OLAYA HERRERA - AUT [27015330],6.224679,-75.588225,1500,Sinóptica Principal,INSTITUTO DE HIDROLOGIA METEOROLOGIA Y ESTUDIOS AMBIENTALES,Area Operativa 01 - Antioquia-Chocó,Antioquia,Medellín,12/05/2014 00:00,,PRECIPITACION,PTPM_TT_M,Precipitación total mensual,Mensual,2005-07-01 00:00,156.1,50,,900
27015330,OLAYA HERRERA - AUT [27015330],6.224679,-75.588225,1500,Sinóptica Principal,INSTITUTO DE HIDROLOGIA METEOROLOGIA Y ESTUDIOS AMBIENTALES,Area Operativa 01 - Antioquia-Chocó,Antioquia,Medellín,12/05/2014 00:00,,PRECIPITACION,PTPM_TT_M,Precipitación total mensual,Mensual,2005-08-01 00:00,94.8,50,,900
27015330,OLAYA HERRERA - AUT [27015330],6.224679,-75.588225,1500,Sinóptica Principal,INSTITUTO DE HIDROLOGIA METEOROLOGIA Y ESTUDIOS AMBIENTALES,Area Operativa 01 - Antioquia-Chocó,Antioquia,Medellín,12/05/2014 00:00,,PRECIPITACION,PTPM_TT_M,Precipitación total mensual,Mensual,2005-09-01 00:00,192.4,50,,900
27015330,OLAYA HERRERA - AUT [27015330],6.224679,-75.588225,1500,Sinóptica Principal,INSTITUTO DE HIDROLOGIA METEOROLOGIA Y ESTUDIOS AMBIENTALES,Area Operativa 01 - Antioquia-Chocó,Antioquia,Medellín,12/05/2014 00:00,,PRECIPITACION,PTPM_TT_M,Precipitación total mensual,Mensual,2005-10-01 00:00,244,50,,900
27015330,OLAYA HERRERA - AUT [27015330],6.224679,-75.588225,1500,Sinóptica Principal,INSTITUTO DE HIDROLOGIA METEOROLOGIA Y ESTUDIOS AMBIENTALES,Area Operativa 01 - Antioquia-Chocó,Antioquia,Medellín,12/05/2014 00:00,,PRECIPITACION,PTPM_TT_M,Precipitación total mensual,Mensual,2005-11-01 00:00,145.3,50,,900
27015330,OLAYA HERRERA - AUT [27015330],6.224679,-75.588225,1500,Sinóptica Principal,INSTITUTO DE HIDROLOGIA METEOROLOGIA Y ESTUDIOS AMBIENTALES,Area Operativa 01 - Antioquia-Chocó,Antioquia,Medellín,12/05/2014 00:00,,PRECIPITACION,PTPM_TT_M,Precipitación total mensual,Mensual,2005-12-01 00:00,87.4,50,,900
27015330,OLAYA HERRERA - AUT [27015330],6.224679,-75.588225,1500,Sinóptica Principal,INSTITUTO DE HIDROLOGIA METEOROLOGIA Y ESTUDIOS AMBIENTALES,Area Operativa 01 - Antioquia-Chocó,Antioquia,Medellín,12/05/2014 00:00,,PRECIPITACION,PTPM_TT_M,Precipitación total mensual,Mensual,2006-01-01 00:00,86.7,50,,900
27015330,OLAYA HERRERA - AUT [27015330],6.224679,-75.588225,1500,Sinóptica Principal,INSTITUTO DE HIDROLOGIA METEOROLOGIA Y ESTUDIOS AMBIENTALES,Area Operativa 01 - Antioquia-Chocó,Antioquia,Medellín,12/05/2014 00:00,,PRECIPITACION,PTPM_TT_M,Precipitación total mensual,Mensual,2006-02-01 00:00,92.4,50,,900
27015330,OLAYA HERRERA - AUT [27015330],6.224679,-75.588225,1500,Sinóptica Principal,INSTITUTO DE HIDROLOGIA METEOROLOGIA Y ESTUDIOS AMBIENTALES,Area Operativa 01 - Antioquia-Chocó,Antioquia,Medellín,12/05/2014 00:00,,PRECIPITACION,PTPM_TT_M,Precipitación total mensual,Mensual,2006-03-01 00:00,200,50,,900
27015330,OLAYA HERRERA - AUT [27015330],6.224679,-75.588225,1500,Sinóptica Principal,INSTITUTO DE HIDROLOGIA METEOROLOGIA Y ESTUDIOS AMBIENTALES,Area Operativa 01 - Antioquia-Chocó,Antioquia,Medellín,12/05/2014 00:00,,PRECIPITACION,PTPM_TT_M,Precipitación total mensual,Mensual,2006-04-01 00:00,264.2,50,,900
27015330,OLAYA HERRERA - AUT [27015330],6.224679,-75.588225,1500,Sinóptica Principal,INSTITUTO DE HIDROLOGIA METEOROLOGIA Y ESTUDIOS AMBIENTALES,Area Operativa 01 - Antioquia-Chocó,Antioquia,Medellín,12/05/2014 00:00,,PRECIPITACION,PTPM_TT_M,Precipitación total mensual,Mensual,2006-05-01 00:00,278.9,50,,900
27015330,OLAYA HERRERA - AUT [27015330],6.224679,-75.588225,1500,Sinóptica Principal,INSTITUTO DE HIDROLOGIA METEOROLOGIA Y ESTUDIOS AMBIENTALES,Area Operativa 01 - Antioquia-Chocó,Antioquia,Medellín,12/05/2014 00:00,,PRECIPITACION,PTPM_TT_M,Precipitación total mensual,Mensual,2006-06-01 00:00,172.3,50,,900
27015330,OLAYA HERRERA - AUT [27015330],6.224679,-75.588225,1500,Sinóptica Principal,INSTITUTO DE HIDROLOGIA METEOROLOGIA Y ESTUDIOS AMBIENTALES,Area Operativa 01 - Antioquia-Chocó,Antioquia,Medellín,12/05/2014 00:00,,PRECIPITACION,PTPM_TT_M,Precipitación total mensual,Mensual,2006-07-01 00:00,85.3,50,,900
27015330,OLAYA HERRERA - AUT [27015330],6.224679,-75.588225,1500,Sinóptica Principal,INSTITUTO DE HIDROLOGIA METEOROLOGIA Y ESTUDIOS AMBIENTALES,Area Operativa 01 - Antioquia-Chocó,Antioquia,Medellín,12/05/2014 00:00,,PRECIPITACION,PTPM_TT_M,Precipitación total mensual,Mensual,2006-08-01 00:00,131.8,50,,900
27015330,OLAYA HERRERA - AUT [27015330],6.224679,-75.588225,1500,Sinóptica Principal,INSTITUTO DE HIDROLOGIA METEOROLOGIA Y ESTUDIOS AMBIENTALES,Area Operativa 01 - Antioquia-Chocó,Antioquia,Medellín,12/05/2014 00:00,,PRECIPITACION,PTPM_TT_M,Precipitación total mensual,Mensual,2006-09-01 00:00,146,50,,900
27015330,OLAYA HERRERA - AUT [27015330],6.224679,-75.588225,1500,Sinóptica Principal,INSTITUTO DE HIDROLOGIA METEOROLOGIA Y ESTUDIOS AMBIENTALES,Area Operativa 01 - Antioquia-Chocó,Antioquia,Medellín,12/05/2014 00:00,,PRECIPITACION,PTPM_TT_M,Precipitación total mensual,Mensual,2006-10-01 00:00,236.7,50,,900
27015330,OLAYA HERRERA - AUT [27015330],6.224679,-75.588225,1500,Sinóptica Principal,INSTITUTO DE HIDROLOGIA METEOROLOGIA Y ESTUDIOS AMBIENTALES,Area Operativa 01 - Antioquia-Chocó,Antioquia,Medellín,12/05/2014 00:00,,PRECIPITACION,PTPM_TT_M,Precipitación total mensual,Mensual,2006-11-01 00:00,222.6,50,,900
27015330,OLAYA HERRERA - AUT [27015330],6.224679,-75.588225,1500,Sinóptica Principal,INSTITUTO DE HIDROLOGIA METEOROLOGIA Y ESTUDIOS AMBIENTALES,Area Operativa 01 - Antioquia-Chocó,Antioquia,Medellín,12/05/2014 00:00,,PRECIPITACION,PTPM_TT_M,Precipitación total mensual,Mensual,2006-12-01 00:00,108.2,50,,900
27015330,OLAYA HERRERA - AUT [27015330],6.224679,-75.588225,1500,Sinóptica Principal,INSTITUTO DE HIDROLOGIA METEOROLOGIA Y ESTUDIOS AMBIENTALES,Area Operativa 01 - Antioquia-Chocó,Antioquia,Medellín,12/05/2014 00:00,,PRECIPITACION,PTPM_TT_M,Precipitación total mensual,Mensual,2007-01-01 00:00,26.5,50,,900
27015330,OLAYA HERRERA - AUT [27015330],6.224679,-75.588225,1500,Sinóptica Principal,INSTITUTO DE HIDROLOGIA METEOROLOGIA Y ESTUDIOS AMBIENTALES,Area Operativa 01 - Antioquia-Chocó,Antioquia,Medellín,12/05/2014 00:00,,PRECIPITACION,PTPM_TT_M,Precipitación total mensual,Mensual,2007-02-01 00:00,30.8,50,,900
27015330,OLAYA HERRERA - AUT [27015330],6.224679,-75.588225,1500,Sinóptica Principal,INSTITUTO DE HIDROLOGIA METEOROLOGIA Y ESTUDIOS AMBIENTALES,Area Operativa 01 - Antioquia-Chocó,Antioquia,Medellín,12/05/2014 00:00,,PRECIPITACION,PTPM_TT_M,Precipitación total mensual,Mensual,2007-03-01 00:00,182.9,50,,900
27015330,OLAYA HERRERA - AUT [27015330],6.224679,-75.588225,1500,Sinóptica Principal,INSTITUTO DE HIDROLOGIA METEOROLOGIA Y ESTUDIOS AMBIENTALES,Area Operativa 01 - Antioquia-Chocó,Antioquia,Medellín,12/05/2014 00:00,,PRECIPITACION,PTPM_TT_M,Precipitación total mensual,Mensual,2007-04-01 00:00,213.9,50,,900
27015330,OLAYA HERRERA - AUT [27015330],6.224679,-75.588225,1500,Sinóptica Principal,INSTITUTO DE HIDROLOGIA METEOROLOGIA Y ESTUDIOS AMBIENTALES,Area Operativa 01 - Antioquia-Chocó,Antioquia,Medellín,12/05/2014 00:00,,PRECIPITACION,PTPM_TT_M,Precipitación total mensual,Mensual,2007-05-01 00:00,253.5,50,,900
27015330,OLAYA HERRERA - AUT [27015330],6.224679,-75.588225,1500,Sinóptica Principal,INSTITUTO DE HIDROLOGIA METEOROLOGIA Y ESTUDIOS AMBIENTALES,Area Operativa 01 - Antioquia-Chocó,Antioquia,Medellín,12/05/2014 00:00,,PRECIPITACION,PTPM_TT_M,Precipitación total mensual,Mensual,2007-06-01 00:00,65.4,50,,900
27015330,OLAYA HERRERA - AUT [27015330],6.224679,-75.588225,1500,Sinóptica Principal,INSTITUTO DE HIDROLOGIA METEOROLOGIA Y ESTUDIOS AMBIENTALES,Area Operativa 01 - Antioquia-Chocó,Antioquia,Medellín,12/05/2014 00:00,,PRECIPITACION,PTPM_TT_M,Precipitación total mensual,Mensual,2007-07-01 00:00,219,50,,900
27015330,OLAYA HERRERA - AUT [27015330],6.224679,-75.588225,1500,Sinóptica Principal,INSTITUTO DE HIDROLOGIA METEOROLOGIA Y ESTUDIOS AMBIENTALES,Area Operativa 01 - Antioquia-Chocó,Antioquia,Medellín,12/05/2014 00:00,,PRECIPITACION,PTPM_TT_M,Precipitación total mensual,Mensual,2007-08-01 00:00,213,50,,900
27015330,OLAYA HERRERA - AUT [27015330],6.224679,-75.588225,1500,Sinóptica Principal,INSTITUTO DE HIDROLOGIA METEOROLOGIA Y ESTUDIOS AMBIENTALES,Area Operativa 01 - Antioquia-Chocó,Antioquia,Medellín,12/05/2014 00:00,,PRECIPITACION,PTPM_TT_M,Precipitación total mensual,Mensual,2007-09-01 00:00,209.7,50,,900
27015330,OLAYA HERRERA - AUT [27015330],6.224679,-75.588225,1500,Sinóptica Principal,INSTITUTO DE HIDROLOGIA METEOROLOGIA Y ESTUDIOS AMBIENTALES,Area Operativa 01 - Antioquia-Chocó,Antioquia,Medellín,12/05/2014 00:00,,PRECIPITACION,PTPM_TT_M,Precipitación total mensual,Mensual,2007-10-01 00:00,344.6,50,,900
27015330,OLAYA HERRERA - AUT [27015330],6.224679,-75.588225,1500,Sinóptica Principal,INSTITUTO DE HIDROLOGIA METEOROLOGIA Y ESTUDIOS AMBIENTALES,Area Operativa 01 - Antioquia-Chocó,Antioquia,Medellín,12/05/2014 00:00,,PRECIPITACION,PTPM_TT_M,Precipitación total mensual,Mensual,2007-11-01 00:00,164.1,50,,900
27015330,OLAYA HERRERA - AUT [27015330],6.224679,-75.588225,1500,Sinóptica Principal,INSTITUTO DE HIDROLOGIA METEOROLOGIA Y ESTUDIOS AMBIENTALES,Area Operativa 01 - Antioquia-Chocó,Antioquia,Medellín,12/05/2014 00:00,,PRECIPITACION,PTPM_TT_M,Precipitación total mensual,Mensual,2007-12-01 00:00,124.1,50,,900
27015330,OLAYA HERRERA - AUT [27015330],6.224679,-75.588225,1500,Sinóptica Principal,INSTITUTO DE HIDROLOGIA METEOROLOGIA Y ESTUDIOS AMBIENTALES,Area Operativa 01 - Antioquia-Chocó,Antioquia,Medellín,12/05/2014 00:00,,PRECIPITACION,PTPM_TT_M,Precipitación total mensual,Mensual,2008-01-01 00:00,88.2,50,,900
27015330,OLAYA HERRERA - AUT [27015330],6.224679,-75.588225,1500,Sinóptica Principal,INSTITUTO DE HIDROLOGIA METEOROLOGIA Y ESTUDIOS AMBIENTALES,Area Operativa 01 - Antioquia-Chocó,Antioquia,Medellín,12/05/2014 00:00,,PRECIPITACION,PTPM_TT_M,Precipitación total mensual,Mensual,2008-02-01 00:00,216.9,50,,900
27015330,OLAYA HERRERA - AUT [27015330],6.224679,-75.588225,1500,Sinóptica Principal,INSTITUTO DE HIDROLOGIA METEOROLOGIA Y ESTUDIOS AMBIENTALES,Area Operativa 01 - Antioquia-Chocó,Antioquia,Medellín,12/05/2014 00:00,,PRECIPITACION,PTPM_TT_M,Precipitación total mensual,Mensual,2008-03-01 00:00,188.5,50,,900
27015330,OLAYA HERRERA - AUT [27015330],6.224679,-75.588225,1500,Sinóptica Principal,INSTITUTO DE HIDROLOGIA METEOROLOGIA Y ESTUDIOS AMBIENTALES,Area Operativa 01 - Antioquia-Chocó,Antioquia,Medellín,12/05/2014 00:00,,PRECIPITACION,PTPM_TT_M,Precipitación total mensual,Mensual,2008-04-01 00:00,220.6,50,,900
27015330,OLAYA HERRERA - AUT [27015330],6.224679,-75.588225,1500,Sinóptica Principal,INSTITUTO DE HIDROLOGIA METEOROLOGIA Y ESTUDIOS AMBIENTALES,Area Operativa 01 - Antioquia-Chocó,Antioquia,Medellín,12/05/2014 00:00,,PRECIPITACION,PTPM_TT_M,Precipitación total mensual,Mensual,2008-05-01 00:00,368.2,50,,900
27015330,OLAYA HERRERA - AUT [27015330],6.224679,-75.588225,1500,Sinóptica Principal,INSTITUTO DE HIDROLOGIA METEOROLOGIA Y ESTUDIOS AMBIENTALES,Area Operativa 01 - Antioquia-Chocó,Antioquia,Medellín,12/05/2014 00:00,,PRECIPITACION,PTPM_TT_M,Precipitación total mensual,Mensual,2008-06-01 00:00,259,50,,900
27015330,OLAYA HERRERA - AUT [27015330],6.224679,-75.588225,1500,Sinóptica Principal,INSTITUTO DE HIDROLOGIA METEOROLOGIA Y ESTUDIOS AMBIENTALES,Area Operativa 01 - Antioquia-Chocó,Antioquia,Medellín,12/05/2014 00:00,,PRECIPITACION,PTPM_TT_M,Precipitación total mensual,Mensual,2008-07-01 00:00,220.7,50,,900
27015330,OLAYA HERRERA - AUT [27015330],6.224679,-75.588225,1500,Sinóptica Principal,INSTITUTO DE HIDROLOGIA METEOROLOGIA Y ESTUDIOS AMBIENTALES,Area Operativa 01 - Antioquia-Chocó,Antioquia,Medellín,12/05/2014 00:00,,PRECIPITACION,PTPM_TT_M,Precipitación total mensual,Mensual,2008-08-01 00:00,315.3,50,,900
27015330,OLAYA HERRERA - AUT [27015330],6.224679,-75.588225,1500,Sinóptica Principal,INSTITUTO DE HIDROLOGIA METEOROLOGIA Y ESTUDIOS AMBIENTALES,Area Operativa 01 - Antioquia-Chocó,Antioquia,Medellín,12/05/2014 00:00,,PRECIPITACION,PTPM_TT_M,Precipitación total mensual,Mensual,2008-09-01 00:00,220.4,50,,900
27015330,OLAYA HERRERA - AUT [27015330],6.224679,-75.588225,1500,Sinóptica Principal,INSTITUTO DE HIDROLOGIA METEOROLOGIA Y ESTUDIOS AMBIENTALES,Area Operativa 01 - Antioquia-Chocó,Antioquia,Medellín,12/05/2014 00:00,,PRECIPITACION,PTPM_TT_M,Precipitación total mensual,Mensual,2008-10-01 00:00,188.9,50,,900
27015330,OLAYA HERRERA - AUT [27015330],6.224679,-75.588225,1500,Sinóptica Principal,INSTITUTO DE HIDROLOGIA METEOROLOGIA Y ESTUDIOS AMBIENTALES,Area Operativa 01 - Antioquia-Chocó,Antioquia,Medellín,12/05/2014 00:00,,PRECIPITACION,PTPM_TT_M,Precipitación total mensual,Mensual,2008-11-01 00:00,206.2,50,,900
27015330,OLAYA HERRERA - AUT [27015330],6.224679,-75.588225,1500,Sinóptica Principal,INSTITUTO DE HIDROLOGIA METEOROLOGIA Y ESTUDIOS AMBIENTALES,Area Operativa 01 - Antioquia-Chocó,Antioquia,Medellín,12/05/2014 00:00,,PRECIPITACION,PTPM_TT_M,Precipitación total mensual,Mensual,2008-12-01 00:00,61.3,50,,900
27015330,OLAYA HERRERA - AUT [27015330],6.224679,-75.588225,1500,Sinóptica Principal,INSTITUTO DE HIDROLOGIA METEOROLOGIA Y ESTUDIOS AMBIENTALES,Area Operativa 01 - Antioquia-Chocó,Antioquia,Medellín,12/05/2014 00:00,,PRECIPITACION,PTPM_TT_M,Precipitación total mensual,Mensual,2009-01-01 00:00,99.8,50,,900
27015330,OLAYA HERRERA - AUT [27015330],6.224679,-75.588225,1500,Sinóptica Principal,INSTITUTO DE HIDROLOGIA METEOROLOGIA Y ESTUDIOS AMBIENTALES,Area Operativa 01 - Antioquia-Chocó,Antioquia,Medellín,12/05/2014 00:00,,PRECIPITACION,PTPM_TT_M,Precipitación total mensual,Mensual,2009-02-01 00:00,55.2,50,,900
27015330,OLAYA HERRERA - AUT [27015330],6.224679,-75.588225,1500,Sinóptica Principal,INSTITUTO DE HIDROLOGIA METEOROLOGIA Y ESTUDIOS AMBIENTALES,Area Operativa 01 - Antioquia-Chocó,Antioquia,Medellín,12/05/2014 00:00,,PRECIPITACION,PTPM_TT_M,Precipitación total mensual,Mensual,2009-03-01 00:00,188.3,50,,900
27015330,OLAYA HERRERA - AUT [27015330],6.224679,-75.588225,1500,Sinóptica Principal,INSTITUTO DE HIDROLOGIA METEOROLOGIA Y ESTUDIOS AMBIENTALES,Area Operativa 01 - Antioquia-Chocó,Antioquia,Medellín,12/05/2014 00:00,,PRECIPITACION,PTPM_TT_M,Precipitación total mensual,Mensual,2009-04-01 00:00,168.8,50,,900
27015330,OLAYA HERRERA - AUT [27015330],6.224679,-75.588225,1500,Sinóptica Principal,INSTITUTO DE HIDROLOGIA METEOROLOGIA Y ESTUDIOS AMBIENTALES,Area Operativa 01 - Antioquia-Chocó,Antioquia,Medellín,12/05/2014 00:00,,PRECIPITACION,PTPM_TT_M,Precipitación total mensual,Mensual,2009-05-01 00:00,172.4,50,,900
27015330,OLAYA HERRERA - AUT [27015330],6.224679,-75.588225,1500,Sinóptica Principal,INSTITUTO DE HIDROLOGIA METEOROLOGIA Y ESTUDIOS AMBIENTALES,Area Operativa 01 - Antioquia-Chocó,Antioquia,Medellín,12/05/2014 00:00,,PRECIPITACION,PTPM_TT_M,Precipitación total mensual,Mensual,2009-06-01 00:00,158.4,50,,900
27015330,OLAYA HERRERA - AUT [27015330],6.224679,-75.588225,1500,Sinóptica Principal,INSTITUTO DE HIDROLOGIA METEOROLOGIA Y ESTUDIOS AMBIENTALES,Area Operativa 01 - Antioquia-Chocó,Antioquia,Medellín,12/05/2014 00:00,,PRECIPITACION,PTPM_TT_M,Precipitación total mensual,Mensual,2009-07-01 00:00,97.7,50,,900
27015330,OLAYA HERRERA - AUT [27015330],6.224679,-75.588225,1500,Sinóptica Principal,INSTITUTO DE HIDROLOGIA METEOROLOGIA Y ESTUDIOS AMBIENTALES,Area Operativa 01 - Antioquia-Chocó,Antioquia,Medellín,12/05/2014 00:00,,PRECIPITACION,PTPM_TT_M,Precipitación total mensual,Mensual,2009-08-01 00:00,95.8,50,,900
27015330,OLAYA HERRERA - AUT [27015330],6.224679,-75.588225,1500,Sinóptica Principal,INSTITUTO DE HIDROLOGIA METEOROLOGIA Y ESTUDIOS AMBIENTALES,Area Operativa 01 - Antioquia-Chocó,Antioquia,Medellín,12/05/2014 00:00,,PRECIPITACION,PTPM_TT_M,Precipitación total mensual,Mensual,2009-09-01 00:00,49.6,50,,900
27015330,OLAYA HERRERA - AUT [27015330],6.224679,-75.588225,1500,Sinóptica Principal,INSTITUTO DE HIDROLOGIA METEOROLOGIA Y ESTUDIOS AMBIENTALES,Area Operativa 01 - Antioquia-Chocó,Antioquia,Medellín,12/05/2014 00:00,,PRECIPITACION,PTPM_TT_M,Precipitación total mensual,Mensual,2009-10-01 00:00,160.1,50,,900
27015330,OLAYA HERRERA - AUT [27015330],6.224679,-75.588225,1500,Sinóptica Principal,INSTITUTO DE HIDROLOGIA METEOROLOGIA Y ESTUDIOS AMBIENTALES,Area Operativa 01 - Antioquia-Chocó,Antioquia,Medellín,12/05/2014 00:00,,PRECIPITACION,PTPM_TT_M,Precipitación total mensual,Mensual,2009-11-01 00:00,183.9,50,,900
27015330,OLAYA HERRERA - AUT [27015330],6.224679,-75.588225,1500,Sinóptica Principal,INSTITUTO DE HIDROLOGIA METEOROLOGIA Y ESTUDIOS AMBIENTALES,Area Operativa 01 - Antioquia-Chocó,Antioquia,Medellín,12/05/2014 00:00,,PRECIPITACION,PTPM_TT_M,Precipitación total mensual,Mensual,2009-12-01 00:00,73.9,50,,900
27015330,OLAYA HERRERA - AUT [27015330],6.224679,-75.588225,1500,Sinóptica Principal,INSTITUTO DE HIDROLOGIA METEOROLOGIA Y ESTUDIOS AMBIENTALES,Area Operativa 01 - Antioquia-Chocó,Antioquia,Medellín,12/05/2014 00:00,,PRECIPITACION,PTPM_TT_M,Precipitación total mensual,Mensual,2010-01-01 00:00,31.8,50,,900
27015330,OLAYA HERRERA - AUT [27015330],6.224679,-75.588225,1500,Sinóptica Principal,INSTITUTO DE HIDROLOGIA METEOROLOGIA Y ESTUDIOS AMBIENTALES,Area Operativa 01 - Antioquia-Chocó,Antioquia,Medellín,12/05/2014 00:00,,PRECIPITACION,PTPM_TT_M,Precipitación total mensual,Mensual,2010-02-01 00:00,26.5,50,,900
27015330,OLAYA HERRERA - AUT [27015330],6.224679,-75.588225,1500,Sinóptica Principal,INSTITUTO DE HIDROLOGIA METEOROLOGIA Y ESTUDIOS AMBIENTALES,Area Operativa 01 - Antioquia-Chocó,Antioquia,Medellín,12/05/2014 00:00,,PRECIPITACION,PTPM_TT_M,Precipitación total mensual,Mensual,2010-03-01 00:00,64.5,50,,900
27015330,OLAYA HERRERA - AUT [27015330],6.224679,-75.588225,1500,Sinóptica Principal,INSTITUTO DE HIDROLOGIA METEOROLOGIA Y ESTUDIOS AMBIENTALES,Area Operativa 01 - Antioquia-Chocó,Antioquia,Medellín,12/05/2014 00:00,,PRECIPITACION,PTPM_TT_M,Precipitación total mensual,Mensual,2010-04-01 00:00,206,50,,900
27015330,OLAYA HERRERA - AUT [27015330],6.224679,-75.588225,1500,Sinóptica Principal,INSTITUTO DE HIDROLOGIA METEOROLOGIA Y ESTUDIOS AMBIENTALES,Area Operativa 01 - Antioquia-Chocó,Antioquia,Medellín,12/05/2014 00:00,,PRECIPITACION,PTPM_TT_M,Precipitación total mensual,Mensual,2010-05-01 00:00,189,50,,900
27015330,OLAYA HERRERA - AUT [27015330],6.224679,-75.588225,1500,Sinóptica Principal,INSTITUTO DE HIDROLOGIA METEOROLOGIA Y ESTUDIOS AMBIENTALES,Area Operativa 01 - Antioquia-Chocó,Antioquia,Medellín,12/05/2014 00:00,,PRECIPITACION,PTPM_TT_M,Precipitación total mensual,Mensual,2010-06-01 00:00,231.9,50,,900
27015330,OLAYA HERRERA - AUT [27015330],6.224679,-75.588225,1500,Sinóptica Principal,INSTITUTO DE HIDROLOGIA METEOROLOGIA Y ESTUDIOS AMBIENTALES,Area Operativa 01 - Antioquia-Chocó,Antioquia,Medellín,12/05/2014 00:00,,PRECIPITACION,PTPM_TT_M,Precipitación total mensual,Mensual,2010-07-01 00:00,313.9,50,,900
27015330,OLAYA HERRERA - AUT [27015330],6.224679,-75.588225,1500,Sinóptica Principal,INSTITUTO DE HIDROLOGIA METEOROLOGIA Y ESTUDIOS AMBIENTALES,Area Operativa 01 - Antioquia-Chocó,Antioquia,Medellín,12/05/2014 00:00,,PRECIPITACION,PTPM_TT_M,Precipitación total mensual,Mensual,2010-08-01 00:00,147.5,50,,900
27015330,OLAYA HERRERA - AUT [27015330],6.224679,-75.588225,1500,Sinóptica Principal,INSTITUTO DE HIDROLOGIA METEOROLOGIA Y ESTUDIOS AMBIENTALES,Area Operativa 01 - Antioquia-Chocó,Antioquia,Medellín,12/05/2014 00:00,,PRECIPITACION,PTPM_TT_M,Precipitación total mensual,Mensual,2010-09-01 00:00,305.1,50,,900
27015330,OLAYA HERRERA - AUT [27015330],6.224679,-75.588225,1500,Sinóptica Principal,INSTITUTO DE HIDROLOGIA METEOROLOGIA Y ESTUDIOS AMBIENTALES,Area Operativa 01 - Antioquia-Chocó,Antioquia,Medellín,12/05/2014 00:00,,PRECIPITACION,PTPM_TT_M,Precipitación total mensual,Mensual,2010-10-01 00:00,227.4,50,,900
27015330,OLAYA HERRERA - AUT [27015330],6.224679,-75.588225,1500,Sinóptica Principal,INSTITUTO DE HIDROLOGIA METEOROLOGIA Y ESTUDIOS AMBIENTALES,Area Operativa 01 - Antioquia-Chocó,Antioquia,Medellín,12/05/2014 00:00,,PRECIPITACION,PTPM_TT_M,Precipitación total mensual,Mensual,2010-11-01 00:00,301.1,50,,900
27015330,OLAYA HERRERA - AUT [27015330],6.224679,-75.588225,1500,Sinóptica Principal,INSTITUTO DE HIDROLOGIA METEOROLOGIA Y ESTUDIOS AMBIENTALES,Area Operativa 01 - Antioquia-Chocó,Antioquia,Medellín,12/05/2014 00:00,,PRECIPITACION,PTPM_TT_M,Precipitación total mensual,Mensual,2010-12-01 00:00,175.5,50,,900
27015330,OLAYA HERRERA - AUT [27015330],6.224679,-75.588225,1500,Sinóptica Principal,INSTITUTO DE HIDROLOGIA METEOROLOGIA Y ESTUDIOS AMBIENTALES,Area Operativa 01 - Antioquia-Chocó,Antioquia,Medellín,12/05/2014 00:00,,PRECIPITACION,PTPM_TT_M,Precipitación total mensual,Mensual,2011-01-01 00:00,108.4,50,,900
27015330,OLAYA HERRERA - AUT [27015330],6.224679,-75.588225,1500,Sinóptica Principal,INSTITUTO DE HIDROLOGIA METEOROLOGIA Y ESTUDIOS AMBIENTALES,Area Operativa 01 - Antioquia-Chocó,Antioquia,Medellín,12/05/2014 00:00,,PRECIPITACION,PTPM_TT_M,Precipitación total mensual,Mensual,2011-02-01 00:00,178,50,,900
27015330,OLAYA HERRERA - AUT [27015330],6.224679,-75.588225,1500,Sinóptica Principal,INSTITUTO DE HIDROLOGIA METEOROLOGIA Y ESTUDIOS AMBIENTALES,Area Operativa 01 - Antioquia-Chocó,Antioquia,Medellín,12/05/2014 00:00,,PRECIPITACION,PTPM_TT_M,Precipitación total mensual,Mensual,2011-03-01 00:00,141.9,50,,900
27015330,OLAYA HERRERA - AUT [27015330],6.224679,-75.588225,1500,Sinóptica Principal,INSTITUTO DE HIDROLOGIA METEOROLOGIA Y ESTUDIOS AMBIENTALES,Area Operativa 01 - Antioquia-Chocó,Antioquia,Medellín,12/05/2014 00:00,,PRECIPITACION,PTPM_TT_M,Precipitación total mensual,Mensual,2011-04-01 00:00,380,50,,900
27015330,OLAYA HERRERA - AUT [27015330],6.224679,-75.588225,1500,Sinóptica Principal,INSTITUTO DE HIDROLOGIA METEOROLOGIA Y ESTUDIOS AMBIENTALES,Area Operativa 01 - Antioquia-Chocó,Antioquia,Medellín,12/05/2014 00:00,,PRECIPITACION,PTPM_TT_M,Precipitación total mensual,Mensual,2011-05-01 00:00,177.8,50,,900
27015330,OLAYA HERRERA - AUT [27015330],6.224679,-75.588225,1500,Sinóptica Principal,INSTITUTO DE HIDROLOGIA METEOROLOGIA Y ESTUDIOS AMBIENTALES,Area Operativa 01 - Antioquia-Chocó,Antioquia,Medellín,12/05/2014 00:00,,PRECIPITACION,PTPM_TT_M,Precipitación total mensual,Mensual,2011-06-01 00:00,289.5,50,,900
27015330,OLAYA HERRERA - AUT [27015330],6.224679,-75.588225,1500,Sinóptica Principal,INSTITUTO DE HIDROLOGIA METEOROLOGIA Y ESTUDIOS AMBIENTALES,Area Operativa 01 - Antioquia-Chocó,Antioquia,Medellín,12/05/2014 00:00,,PRECIPITACION,PTPM_TT_M,Precipitación total mensual,Mensual,2011-07-01 00:00,179.5,50,,900
27015330,OLAYA HERRERA - AUT [27015330],6.224679,-75.588225,1500,Sinóptica Principal,INSTITUTO DE HIDROLOGIA METEOROLOGIA Y ESTUDIOS AMBIENTALES,Area Operativa 01 - Antioquia-Chocó,Antioquia,Medellín,12/05/2014 00:00,,PRECIPITACION,PTPM_TT_M,Precipitación total mensual,Mensual,2011-08-01 00:00,146.5,50,,900
27015330,OLAYA HERRERA - AUT [27015330],6.224679,-75.588225,1500,Sinóptica Principal,INSTITUTO DE HIDROLOGIA METEOROLOGIA Y ESTUDIOS AMBIENTALES,Area Operativa 01 - Antioquia-Chocó,Antioquia,Medellín,12/05/2014 00:00,,PRECIPITACION,PTPM_TT_M,Precipitación total mensual,Mensual,2011-09-01 00:00,234.4,50,,900
27015330,OLAYA HERRERA - AUT [27015330],6.224679,-75.588225,1500,Sinóptica Principal,INSTITUTO DE HIDROLOGIA METEOROLOGIA Y ESTUDIOS AMBIENTALES,Area Operativa 01 - Antioquia-Chocó,Antioquia,Medellín,12/05/2014 00:00,,PRECIPITACION,PTPM_TT_M,Precipitación total mensual,Mensual,2011-10-01 00:00,224,50,,900
27015330,OLAYA HERRERA - AUT [27015330],6.224679,-75.588225,1500,Sinóptica Principal,INSTITUTO DE HIDROLOGIA METEOROLOGIA Y ESTUDIOS AMBIENTALES,Area Operativa 01 - Antioquia-Chocó,Antioquia,Medellín,12/05/2014 00:00,,PRECIPITACION,PTPM_TT_M,Precipitación total mensual,Mensual,2011-11-01 00:00,230.8,50,,900
27015330,OLAYA HERRERA - AUT [27015330],6.224679,-75.588225,1500,Sinóptica Principal,INSTITUTO DE HIDROLOGIA METEOROLOGIA Y ESTUDIOS AMBIENTALES,Area Operativa 01 - Antioquia-Chocó,Antioquia,Medellín,12/05/2014 00:00,,PRECIPITACION,PTPM_TT_M,Precipitación total mensual,Mensual,2011-12-01 00:00,227.3,50,,900
27015330,OLAYA HERRERA - AUT [27015330],6.224679,-75.588225,1500,Sinóptica Principal,INSTITUTO DE HIDROLOGIA METEOROLOGIA Y ESTUDIOS AMBIENTALES,Area Operativa 01 - Antioquia-Chocó,Antioquia,Medellín,12/05/2014 00:00,,PRECIPITACION,PTPM_TT_M,Precipitación total mensual,Mensual,2012-01-01 00:00,92.1,50,,900
27015330,OLAYA HERRERA - AUT [27015330],6.224679,-75.588225,1500,Sinóptica Principal,INSTITUTO DE HIDROLOGIA METEOROLOGIA Y ESTUDIOS AMBIENTALES,Area Operativa 01 - Antioquia-Chocó,Antioquia,Medellín,12/05/2014 00:00,,PRECIPITACION,PTPM_TT_M,Precipitación total mensual,Mensual,2012-02-01 00:00,27.8,50,,900
27015330,OLAYA HERRERA - AUT [27015330],6.224679,-75.588225,1500,Sinóptica Principal,INSTITUTO DE HIDROLOGIA METEOROLOGIA Y ESTUDIOS AMBIENTALES,Area Operativa 01 - Antioquia-Chocó,Antioquia,Medellín,12/05/2014 00:00,,PRECIPITACION,PTPM_TT_M,Precipitación total mensual,Mensual,2012-03-01 00:00,107,50,,900
27015330,OLAYA HERRERA - AUT [27015330],6.224679,-75.588225,1500,Sinóptica Principal,INSTITUTO DE HIDROLOGIA METEOROLOGIA Y ESTUDIOS AMBIENTALES,Area Operativa 01 - Antioquia-Chocó,Antioquia,Medellín,12/05/2014 00:00,,PRECIPITACION,PTPM_TT_M,Precipitación total mensual,Mensual,2012-04-01 00:00,306.5,50,,900
27015330,OLAYA HERRERA - AUT [27015330],6.224679,-75.588225,1500,Sinóptica Principal,INSTITUTO DE HIDROLOGIA METEOROLOGIA Y ESTUDIOS AMBIENTALES,Area Operativa 01 - Antioquia-Chocó,Antioquia,Medellín,12/05/2014 00:00,,PRECIPITACION,PTPM_TT_M,Precipitación total mensual,Mensual,2012-05-01 00:00,173.6,50,,900
27015330,OLAYA HERRERA - AUT [27015330],6.224679,-75.588225,1500,Sinóptica Principal,INSTITUTO DE HIDROLOGIA METEOROLOGIA Y ESTUDIOS AMBIENTALES,Area Operativa 01 - Antioquia-Chocó,Antioquia,Medellín,12/05/2014 00:00,,PRECIPITACION,PTPM_TT_M,Precipitación total mensual,Mensual,2012-06-01 00:00,105.1,50,,900
27015330,OLAYA HERRERA - AUT [27015330],6.224679,-75.588225,1500,Sinóptica Principal,INSTITUTO DE HIDROLOGIA METEOROLOGIA Y ESTUDIOS AMBIENTALES,Area Operativa 01 - Antioquia-Chocó,Antioquia,Medellín,12/05/2014 00:00,,PRECIPITACION,PTPM_TT_M,Precipitación total mensual,Mensual,2012-07-01 00:00,75.9,50,,900
27015330,OLAYA HERRERA - AUT [27015330],6.224679,-75.588225,1500,Sinóptica Principal,INSTITUTO DE HIDROLOGIA METEOROLOGIA Y ESTUDIOS AMBIENTALES,Area Operativa 01 - Antioquia-Chocó,Antioquia,Medellín,12/05/2014 00:00,,PRECIPITACION,PTPM_TT_M,Precipitación total mensual,Mensual,2012-08-01 00:00,124.5,50,,900
27015330,OLAYA HERRERA - AUT [27015330],6.224679,-75.588225,1500,Sinóptica Principal,INSTITUTO DE HIDROLOGIA METEOROLOGIA Y ESTUDIOS AMBIENTALES,Area Operativa 01 - Antioquia-Chocó,Antioquia,Medellín,12/05/2014 00:00,,PRECIPITACION,PTPM_TT_M,Precipitación total mensual,Mensual,2012-09-01 00:00,51.8,50,,900
27015330,OLAYA HERRERA - AUT [27015330],6.224679,-75.588225,1500,Sinóptica Principal,INSTITUTO DE HIDROLOGIA METEOROLOGIA Y ESTUDIOS AMBIENTALES,Area Operativa 01 - Antioquia-Chocó,Antioquia,Medellín,12/05/2014 00:00,,PRECIPITACION,PTPM_TT_M,Precipitación total mensual,Mensual,2012-10-01 00:00,218.8,50,,900
27015330,OLAYA HERRERA - AUT [27015330],6.224679,-75.588225,1500,Sinóptica Principal,INSTITUTO DE HIDROLOGIA METEOROLOGIA Y ESTUDIOS AMBIENTALES,Area Operativa 01 - Antioquia-Chocó,Antioquia,Medellín,12/05/2014 00:00,,PRECIPITACION,PTPM_TT_M,Precipitación total mensual,Mensual,2012-11-01 00:00,154.1,50,,900
27015330,OLAYA HERRERA - AUT [27015330],6.224679,-75.588225,1500,Sinóptica Principal,INSTITUTO DE HIDROLOGIA METEOROLOGIA Y ESTUDIOS AMBIENTALES,Area Operativa 01 - Antioquia-Chocó,Antioquia,Medellín,12/05/2014 00:00,,PRECIPITACION,PTPM_TT_M,Precipitación total mensual,Mensual,2012-12-01 00:00,51.9,50,,900
27015330,OLAYA HERRERA - AUT [27015330],6.224679,-75.588225,1500,Sinóptica Principal,INSTITUTO DE HIDROLOGIA METEOROLOGIA Y ESTUDIOS AMBIENTALES,Area Operativa 01 - Antioquia-Chocó,Antioquia,Medellín,12/05/2014 00:00,,PRECIPITACION,PTPM_TT_M,Precipitación total mensual,Mensual,2013-01-01 00:00,36.4,50,,900
27015330,OLAYA HERRERA - AUT [27015330],6.224679,-75.588225,1500,Sinóptica Principal,INSTITUTO DE HIDROLOGIA METEOROLOGIA Y ESTUDIOS AMBIENTALES,Area Operativa 01 - Antioquia-Chocó,Antioquia,Medellín,12/05/2014 00:00,,PRECIPITACION,PTPM_TT_M,Precipitación total mensual,Mensual,2013-02-01 00:00,168.4,50,,900
27015330,OLAYA HERRERA - AUT [27015330],6.224679,-75.588225,1500,Sinóptica Principal,INSTITUTO DE HIDROLOGIA METEOROLOGIA Y ESTUDIOS AMBIENTALES,Area Operativa 01 - Antioquia-Chocó,Antioquia,Medellín,12/05/2014 00:00,,PRECIPITACION,PTPM_TT_M,Precipitación total mensual,Mensual,2013-03-01 00:00,117.3,50,,900
27015330,OLAYA HERRERA - AUT [27015330],6.224679,-75.588225,1500,Sinóptica Principal,INSTITUTO DE HIDROLOGIA METEOROLOGIA Y ESTUDIOS AMBIENTALES,Area Operativa 01 - Antioquia-Chocó,Antioquia,Medellín,12/05/2014 00:00,,PRECIPITACION,PTPM_TT_M,Precipitación total mensual,Mensual,2013-04-01 00:00,123.8,50,,900
27015330,OLAYA HERRERA - AUT [27015330],6.224679,-75.588225,1500,Sinóptica Principal,INSTITUTO DE HIDROLOGIA METEOROLOGIA Y ESTUDIOS AMBIENTALES,Area Operativa 01 - Antioquia-Chocó,Antioquia,Medellín,12/05/2014 00:00,,PRECIPITACION,PTPM_TT_M,Precipitación total mensual,Mensual,2013-05-01 00:00,234.8,50,,900
27015330,OLAYA HERRERA - AUT [27015330],6.224679,-75.588225,1500,Sinóptica Principal,INSTITUTO DE HIDROLOGIA METEOROLOGIA Y ESTUDIOS AMBIENTALES,Area Operativa 01 - Antioquia-Chocó,Antioquia,Medellín,12/05/2014 00:00,,PRECIPITACION,PTPM_TT_M,Precipitación total mensual,Mensual,2013-06-01 00:00,138,50,,900
27015330,OLAYA HERRERA - AUT [27015330],6.224679,-75.588225,1500,Sinóptica Principal,INSTITUTO DE HIDROLOGIA METEOROLOGIA Y ESTUDIOS AMBIENTALES,Area Operativa 01 - Antioquia-Chocó,Antioquia,Medellín,12/05/2014 00:00,,PRECIPITACION,PTPM_TT_M,Precipitación total mensual,Mensual,2013-07-01 00:00,33.8,50,,900
27015330,OLAYA HERRERA - AUT [27015330],6.224679,-75.588225,1500,Sinóptica Principal,INSTITUTO DE HIDROLOGIA METEOROLOGIA Y ESTUDIOS AMBIENTALES,Area Operativa 01 - Antioquia-Chocó,Antioquia,Medellín,12/05/2014 00:00,,PRECIPITACION,PTPM_TT_M,Precipitación total mensual,Mensual,2013-08-01 00:00,189.9,50,,900
27015330,OLAYA HERRERA - AUT [27015330],6.224679,-75.588225,1500,Sinóptica Principal,INSTITUTO DE HIDROLOGIA METEOROLOGIA Y ESTUDIOS AMBIENTALES,Area Operativa 01 - Antioquia-Chocó,Antioquia,Medellín,12/05/2014 00:00,,PRECIPITACION,PTPM_TT_M,Precipitación total mensual,Mensual,2013-09-01 00:00,123.1,50,,900
27015330,OLAYA HERRERA - AUT [27015330],6.224679,-75.588225,1500,Sinóptica Principal,INSTITUTO DE HIDROLOGIA METEOROLOGIA Y ESTUDIOS AMBIENTALES,Area Operativa 01 - Antioquia-Chocó,Antioquia,Medellín,12/05/2014 00:00,,PRECIPITACION,PTPM_TT_M,Precipitación total mensual,Mensual,2013-10-01 00:00,162.6,50,,900
27015330,OLAYA HERRERA - AUT [27015330],6.224679,-75.588225,1500,Sinóptica Principal,INSTITUTO DE HIDROLOGIA METEOROLOGIA Y ESTUDIOS AMBIENTALES,Area Operativa 01 - Antioquia-Chocó,Antioquia,Medellín,12/05/2014 00:00,,PRECIPITACION,PTPM_TT_M,Precipitación total mensual,Mensual,2013-11-01 00:00,233.1,50,,900
27015330,OLAYA HERRERA - AUT [27015330],6.224679,-75.588225,1500,Sinóptica Principal,INSTITUTO DE HIDROLOGIA METEOROLOGIA Y ESTUDIOS AMBIENTALES,Area Operativa 01 - Antioquia-Chocó,Antioquia,Medellín,12/05/2014 00:00,,PRECIPITACION,PTPM_TT_M,Precipitación total mensual,Mensual,2013-12-01 00:00,126.5,50,,900
27015330,OLAYA HERRERA - AUT [27015330],6.224679,-75.588225,1500,Sinóptica Principal,INSTITUTO DE HIDROLOGIA METEOROLOGIA Y ESTUDIOS AMBIENTALES,Area Operativa 01 - Antioquia-Chocó,Antioquia,Medellín,12/05/2014 00:00,,PRECIPITACION,PTPM_TT_M,Precipitación total mensual,Mensual,2014-01-01 00:00,71.9,50,,900
27015330,OLAYA HERRERA - AUT [27015330],6.224679,-75.588225,1500,Sinóptica Principal,INSTITUTO DE HIDROLOGIA METEOROLOGIA Y ESTUDIOS AMBIENTALES,Area Operativa 01 - Antioquia-Chocó,Antioquia,Medellín,12/05/2014 00:00,,PRECIPITACION,PTPM_TT_M,Precipitación total mensual,Mensual,2014-02-01 00:00,108.2,50,,900
27015330,OLAYA HERRERA - AUT [27015330],6.224679,-75.588225,1500,Sinóptica Principal,INSTITUTO DE HIDROLOGIA METEOROLOGIA Y ESTUDIOS AMBIENTALES,Area Operativa 01 - Antioquia-Chocó,Antioquia,Medellín,12/05/2014 00:00,,PRECIPITACION,PTPM_TT_M,Precipitación total mensual,Mensual,2014-03-01 00:00,99.4,50,,900
27015330,OLAYA HERRERA - AUT [27015330],6.224679,-75.588225,1500,Sinóptica Principal,INSTITUTO DE HIDROLOGIA METEOROLOGIA Y ESTUDIOS AMBIENTALES,Area Operativa 01 - Antioquia-Chocó,Antioquia,Medellín,12/05/2014 00:00,,PRECIPITACION,PTPM_TT_M,Precipitación total mensual,Mensual,2014-04-01 00:00,187.5,50,,900
27015330,OLAYA HERRERA - AUT [27015330],6.224679,-75.588225,1500,Sinóptica Principal,INSTITUTO DE HIDROLOGIA METEOROLOGIA Y ESTUDIOS AMBIENTALES,Area Operativa 01 - Antioquia-Chocó,Antioquia,Medellín,12/05/2014 00:00,,PRECIPITACION,PTPM_TT_M,Precipitación total mensual,Mensual,2014-05-01 00:00,152.6,50,,900
27015330,OLAYA HERRERA - AUT [27015330],6.224679,-75.588225,1500,Sinóptica Principal,INSTITUTO DE HIDROLOGIA METEOROLOGIA Y ESTUDIOS AMBIENTALES,Area Operativa 01 - Antioquia-Chocó,Antioquia,Medellín,12/05/2014 00:00,,PRECIPITACION,PTPM_TT_M,Precipitación total mensual,Mensual,2014-06-01 00:00,69.4,50,,900
27015330,OLAYA HERRERA - AUT [27015330],6.224679,-75.588225,1500,Sinóptica Principal,INSTITUTO DE HIDROLOGIA METEOROLOGIA Y ESTUDIOS AMBIENTALES,Area Operativa 01 - Antioquia-Chocó,Antioquia,Medellín,12/05/2014 00:00,,PRECIPITACION,PTPM_TT_M,Precipitación total mensual,Mensual,2014-07-01 00:00,24.8,50,,900
27015330,OLAYA HERRERA - AUT [27015330],6.224679,-75.588225,1500,Sinóptica Principal,INSTITUTO DE HIDROLOGIA METEOROLOGIA Y ESTUDIOS AMBIENTALES,Area Operativa 01 - Antioquia-Chocó,Antioquia,Medellín,12/05/2014 00:00,,PRECIPITACION,PTPM_TT_M,Precipitación total mensual,Mensual,2014-08-01 00:00,112.8,50,,900
27015330,OLAYA HERRERA - AUT [27015330],6.224679,-75.588225,1500,Sinóptica Principal,INSTITUTO DE HIDROLOGIA METEOROLOGIA Y ESTUDIOS AMBIENTALES,Area Operativa 01 - Antioquia-Chocó,Antioquia,Medellín,12/05/2014 00:00,,PRECIPITACION,PTPM_TT_M,Precipitación total mensual,Mensual,2014-09-01 00:00,117.3,50,,900
27015330,OLAYA HERRERA - AUT [27015330],6.224679,-75.588225,1500,Sinóptica Principal,INSTITUTO DE HIDROLOGIA METEOROLOGIA Y ESTUDIOS AMBIENTALES,Area Operativa 01 - Antioquia-Chocó,Antioquia,Medellín,12/05/2014 00:00,,PRECIPITACION,PTPM_TT_M,Precipitación total mensual,Mensual,2014-10-01 00:00,277.1,50,,900
27015330,OLAYA HERRERA - AUT [27015330],6.224679,-75.588225,1500,Sinóptica Principal,INSTITUTO DE HIDROLOGIA METEOROLOGIA Y ESTUDIOS AMBIENTALES,Area Operativa 01 - Antioquia-Chocó,Antioquia,Medellín,12/05/2014 00:00,,PRECIPITACION,PTPM_TT_M,Precipitación total mensual,Mensual,2014-11-01 00:00,158,50,,900
27015330,OLAYA HERRERA - AUT [27015330],6.224679,-75.588225,1500,Sinóptica Principal,INSTITUTO DE HIDROLOGIA METEOROLOGIA Y ESTUDIOS AMBIENTALES,Area Operativa 01 - Antioquia-Chocó,Antioquia,Medellín,12/05/2014 00:00,,PRECIPITACION,PTPM_TT_M,Precipitación total mensual,Mensual,2014-12-01 00:00,115.4,50,,900
27015330,OLAYA HERRERA - AUT [27015330],6.224679,-75.588225,1500,Sinóptica Principal,INSTITUTO DE HIDROLOGIA METEOROLOGIA Y ESTUDIOS AMBIENTALES,Area Operativa 01 - Antioquia-Chocó,Antioquia,Medellín,12/05/2014 00:00,,PRECIPITACION,PTPM_TT_M,Precipitación total mensual,Mensual,2015-01-01 00:00,62.5,50,,900
27015330,OLAYA HERRERA - AUT [27015330],6.224679,-75.588225,1500,Sinóptica Principal,INSTITUTO DE HIDROLOGIA METEOROLOGIA Y ESTUDIOS AMBIENTALES,Area Operativa 01 - Antioquia-Chocó,Antioquia,Medellín,12/05/2014 00:00,,PRECIPITACION,PTPM_TT_M,Precipitación total mensual,Mensual,2015-02-01 00:00,80.6,50,,900
27015330,OLAYA HERRERA - AUT [27015330],6.224679,-75.588225,1500,Sinóptica Principal,INSTITUTO DE HIDROLOGIA METEOROLOGIA Y ESTUDIOS AMBIENTALES,Area Operativa 01 - Antioquia-Chocó,Antioquia,Medellín,12/05/2014 00:00,,PRECIPITACION,PTPM_TT_M,Precipitación total mensual,Mensual,2015-03-01 00:00,131.2,50,,900
27015330,OLAYA HERRERA - AUT [27015330],6.224679,-75.588225,1500,Sinóptica Principal,INSTITUTO DE HIDROLOGIA METEOROLOGIA Y ESTUDIOS AMBIENTALES,Area Operativa 01 - Antioquia-Chocó,Antioquia,Medellín,12/05/2014 00:00,,PRECIPITACION,PTPM_TT_M,Precipitación total mensual,Mensual,2015-04-01 00:00,180.1,50,,900
27015330,OLAYA HERRERA - AUT [27015330],6.224679,-75.588225,1500,Sinóptica Principal,INSTITUTO DE HIDROLOGIA METEOROLOGIA Y ESTUDIOS AMBIENTALES,Area Operativa 01 - Antioquia-Chocó,Antioquia,Medellín,12/05/2014 00:00,,PRECIPITACION,PTPM_TT_M,Precipitación total mensual,Mensual,2015-05-01 00:00,110.4,50,,900
27015330,OLAYA HERRERA - AUT [27015330],6.224679,-75.588225,1500,Sinóptica Principal,INSTITUTO DE HIDROLOGIA METEOROLOGIA Y ESTUDIOS AMBIENTALES,Area Operativa 01 - Antioquia-Chocó,Antioquia,Medellín,12/05/2014 00:00,,PRECIPITACION,PTPM_TT_M,Precipitación total mensual,Mensual,2015-06-01 00:00,33.6,50,,900
27015330,OLAYA HERRERA - AUT [27015330],6.224679,-75.588225,1500,Sinóptica Principal,INSTITUTO DE HIDROLOGIA METEOROLOGIA Y ESTUDIOS AMBIENTALES,Area Operativa 01 - Antioquia-Chocó,Antioquia,Medellín,12/05/2014 00:00,,PRECIPITACION,PTPM_TT_M,Precipitación total mensual,Mensual,2015-07-01 00:00,123.2,50,,900
27015330,OLAYA HERRERA - AUT [27015330],6.224679,-75.588225,1500,Sinóptica Principal,INSTITUTO DE HIDROLOGIA METEOROLOGIA Y ESTUDIOS AMBIENTALES,Area Operativa 01 - Antioquia-Chocó,Antioquia,Medellín,12/05/2014 00:00,,PRECIPITACION,PTPM_TT_M,Precipitación total mensual,Mensual,2015-08-01 00:00,112.1,50,,900
27015330,OLAYA HERRERA - AUT [27015330],6.224679,-75.588225,1500,Sinóptica Principal,INSTITUTO DE HIDROLOGIA METEOROLOGIA Y ESTUDIOS AMBIENTALES,Area Operativa 01 - Antioquia-Chocó,Antioquia,Medellín,12/05/2014 00:00,,PRECIPITACION,PTPM_TT_M,Precipitación total mensual,Mensual,2015-09-01 00:00,110.6,50,,900
27015330,OLAYA HERRERA - AUT [27015330],6.224679,-75.588225,1500,Sinóptica Principal,INSTITUTO DE HIDROLOGIA METEOROLOGIA Y ESTUDIOS AMBIENTALES,Area Operativa 01 - Antioquia-Chocó,Antioquia,Medellín,12/05/2014 00:00,,PRECIPITACION,PTPM_TT_M,Precipitación total mensual,Mensual,2015-10-01 00:00,124.7,50,,900
27015330,OLAYA HERRERA - AUT [27015330],6.224679,-75.588225,1500,Sinóptica Principal,INSTITUTO DE HIDROLOGIA METEOROLOGIA Y ESTUDIOS AMBIENTALES,Area Operativa 01 - Antioquia-Chocó,Antioquia,Medellín,12/05/2014 00:00,,PRECIPITACION,PTPM_TT_M,Precipitación total mensual,Mensual,2015-11-01 00:00,115.2,50,,900
27015330,OLAYA HERRERA - AUT [27015330],6.224679,-75.588225,1500,Sinóptica Principal,INSTITUTO DE HIDROLOGIA METEOROLOGIA Y ESTUDIOS AMBIENTALES,Area Operativa 01 - Antioquia-Chocó,Antioquia,Medellín,12/05/2014 00:00,,PRECIPITACION,PTPM_TT_M,Precipitación total mensual,Mensual,2015-12-01 00:00,24.5,50,,900
27015330,OLAYA HERRERA - AUT [27015330],6.224679,-75.588225,1500,Sinóptica Principal,INSTITUTO DE HIDROLOGIA METEOROLOGIA Y ESTUDIOS AMBIENTALES,Area Operativa 01 - Antioquia-Chocó,Antioquia,Medellín,12/05/2014 00:00,,PRECIPITACION,PTPM_TT_M,Precipitación total mensual,Mensual,2016-01-01 00:00,50.2,50,,900
27015330,OLAYA HERRERA - AUT [27015330],6.224679,-75.588225,1500,Sinóptica Principal,INSTITUTO DE HIDROLOGIA METEOROLOGIA Y ESTUDIOS AMBIENTALES,Area Operativa 01 - Antioquia-Chocó,Antioquia,Medellín,12/05/2014 00:00,,PRECIPITACION,PTPM_TT_M,Precipitación total mensual,Mensual,2016-02-01 00:00,22.2,50,,900
27015330,OLAYA HERRERA - AUT [27015330],6.224679,-75.588225,1500,Sinóptica Principal,INSTITUTO DE HIDROLOGIA METEOROLOGIA Y ESTUDIOS AMBIENTALES,Area Operativa 01 - Antioquia-Chocó,Antioquia,Medellín,12/05/2014 00:00,,PRECIPITACION,PTPM_TT_M,Precipitación total mensual,Mensual,2016-03-01 00:00,83.1,50,,900
27015330,OLAYA HERRERA - AUT [27015330],6.224679,-75.588225,1500,Sinóptica Principal,INSTITUTO DE HIDROLOGIA METEOROLOGIA Y ESTUDIOS AMBIENTALES,Area Operativa 01 - Antioquia-Chocó,Antioquia,Medellín,12/05/2014 00:00,,PRECIPITACION,PTPM_TT_M,Precipitación total mensual,Mensual,2016-04-01 00:00,120.2,50,,900
27015330,OLAYA HERRERA - AUT [27015330],6.224679,-75.588225,1500,Sinóptica Principal,INSTITUTO DE HIDROLOGIA METEOROLOGIA Y ESTUDIOS AMBIENTALES,Area Operativa 01 - Antioquia-Chocó,Antioquia,Medellín,12/05/2014 00:00,,PRECIPITACION,PTPM_TT_M,Precipitación total mensual,Mensual,2016-05-01 00:00,177.9,50,,900
27015330,OLAYA HERRERA - AUT [27015330],6.224679,-75.588225,1500,Sinóptica Principal,INSTITUTO DE HIDROLOGIA METEOROLOGIA Y ESTUDIOS AMBIENTALES,Area Operativa 01 - Antioquia-Chocó,Antioquia,Medellín,12/05/2014 00:00,,PRECIPITACION,PTPM_TT_M,Precipitación total mensual,Mensual,2016-06-01 00:00,74.3,50,,900
27015330,OLAYA HERRERA - AUT [27015330],6.224679,-75.588225,1500,Sinóptica Principal,INSTITUTO DE HIDROLOGIA METEOROLOGIA Y ESTUDIOS AMBIENTALES,Area Operativa 01 - Antioquia-Chocó,Antioquia,Medellín,12/05/2014 00:00,,PRECIPITACION,PTPM_TT_M,Precipitación total mensual,Mensual,2016-07-01 00:00,95.2,50,,900
27015330,OLAYA HERRERA - AUT [27015330],6.224679,-75.588225,1500,Sinóptica Principal,INSTITUTO DE HIDROLOGIA METEOROLOGIA Y ESTUDIOS AMBIENTALES,Area Operativa 01 - Antioquia-Chocó,Antioquia,Medellín,12/05/2014 00:00,,PRECIPITACION,PTPM_TT_M,Precipitación total mensual,Mensual,2016-08-01 00:00,152.9,50,,900
27015330,OLAYA HERRERA - AUT [27015330],6.224679,-75.588225,1500,Sinóptica Principal,INSTITUTO DE HIDROLOGIA METEOROLOGIA Y ESTUDIOS AMBIENTALES,Area Operativa 01 - Antioquia-Chocó,Antioquia,Medellín,12/05/2014 00:00,,PRECIPITACION,PTPM_TT_M,Precipitación total mensual,Mensual,2016-09-01 00:00,142.8,50,,900
27015330,OLAYA HERRERA - AUT [27015330],6.224679,-75.588225,1500,Sinóptica Principal,INSTITUTO DE HIDROLOGIA METEOROLOGIA Y ESTUDIOS AMBIENTALES,Area Operativa 01 - Antioquia-Chocó,Antioquia,Medellín,12/05/2014 00:00,,PRECIPITACION,PTPM_TT_M,Precipitación total mensual,Mensual,2016-10-01 00:00,203.5,50,,900
27015330,OLAYA HERRERA - AUT [27015330],6.224679,-75.588225,1500,Sinóptica Principal,INSTITUTO DE HIDROLOGIA METEOROLOGIA Y ESTUDIOS AMBIENTALES,Area Operativa 01 - Antioquia-Chocó,Antioquia,Medellín,12/05/2014 00:00,,PRECIPITACION,PTPM_TT_M,Precipitación total mensual,Mensual,2016-11-01 00:00,150.3,50,,900
27015330,OLAYA HERRERA - AUT [27015330],6.224679,-75.588225,1500,Sinóptica Principal,INSTITUTO DE HIDROLOGIA METEOROLOGIA Y ESTUDIOS AMBIENTALES,Area Operativa 01 - Antioquia-Chocó,Antioquia,Medellín,12/05/2014 00:00,,PRECIPITACION,PTPM_TT_M,Precipitación total mensual,Mensual,2016-12-01 00:00,134.9,50,,900
27015330,OLAYA HERRERA - AUT [27015330],6.224679,-75.588225,1500,Sinóptica Principal,INSTITUTO DE HIDROLOGIA METEOROLOGIA Y ESTUDIOS AMBIENTALES,Area Operativa 01 - Antioquia-Chocó,Antioquia,Medellín,12/05/2014 00:00,,PRECIPITACION,PTPM_TT_M,Precipitación total mensual,Mensual,2017-01-01 00:00,99.9,50,,900
27015330,OLAYA HERRERA - AUT [27015330],6.224679,-75.588225,1500,Sinóptica Principal,INSTITUTO DE HIDROLOGIA METEOROLOGIA Y ESTUDIOS AMBIENTALES,Area Operativa 01 - Antioquia-Chocó,Antioquia,Medellín,12/05/2014 00:00,,PRECIPITACION,PTPM_TT_M,Precipitación total mensual,Mensual,2017-02-01 00:00,118.4,50,,900
27015330,OLAYA HERRERA - AUT [27015330],6.224679,-75.588225,1500,Sinóptica Principal,INSTITUTO DE HIDROLOGIA METEOROLOGIA Y ESTUDIOS AMBIENTALES,Area Operativa 01 - Antioquia-Chocó,Antioquia,Medellín,12/05/2014 00:00,,PRECIPITACION,PTPM_TT_M,Precipitación total mensual,Mensual,2017-03-01 00:00,221.4,50,,900
27015330,OLAYA HERRERA - AUT [27015330],6.224679,-75.588225,1500,Sinóptica Principal,INSTITUTO DE HIDROLOGIA METEOROLOGIA Y ESTUDIOS AMBIENTALES,Area Operativa 01 - Antioquia-Chocó,Antioquia,Medellín,12/05/2014 00:00,,PRECIPITACION,PTPM_TT_M,Precipitación total mensual,Mensual,2017-04-01 00:00,107,50,,900
27015330,OLAYA HERRERA - AUT [27015330],6.224679,-75.588225,1500,Sinóptica Principal,INSTITUTO DE HIDROLOGIA METEOROLOGIA Y ESTUDIOS AMBIENTALES,Area Operativa 01 - Antioquia-Chocó,Antioquia,Medellín,12/05/2014 00:00,,PRECIPITACION,PTPM_TT_M,Precipitación total mensual,Mensual,2017-05-01 00:00,245,50,,900
27015330,OLAYA HERRERA - AUT [27015330],6.224679,-75.588225,1500,Sinóptica Principal,INSTITUTO DE HIDROLOGIA METEOROLOGIA Y ESTUDIOS AMBIENTALES,Area Operativa 01 - Antioquia-Chocó,Antioquia,Medellín,12/05/2014 00:00,,PRECIPITACION,PTPM_TT_M,Precipitación total mensual,Mensual,2017-06-01 00:00,206.5,50,,900
27015330,OLAYA HERRERA - AUT [27015330],6.224679,-75.588225,1500,Sinóptica Principal,INSTITUTO DE HIDROLOGIA METEOROLOGIA Y ESTUDIOS AMBIENTALES,Area Operativa 01 - Antioquia-Chocó,Antioquia,Medellín,12/05/2014 00:00,,PRECIPITACION,PTPM_TT_M,Precipitación total mensual,Mensual,2017-07-01 00:00,50.4,50,,900
27015330,OLAYA HERRERA - AUT [27015330],6.224679,-75.588225,1500,Sinóptica Principal,INSTITUTO DE HIDROLOGIA METEOROLOGIA Y ESTUDIOS AMBIENTALES,Area Operativa 01 - Antioquia-Chocó,Antioquia,Medellín,12/05/2014 00:00,,PRECIPITACION,PTPM_TT_M,Precipitación total mensual,Mensual,2017-08-01 00:00,141.5,50,,900
27015330,OLAYA HERRERA - AUT [27015330],6.224679,-75.588225,1500,Sinóptica Principal,INSTITUTO DE HIDROLOGIA METEOROLOGIA Y ESTUDIOS AMBIENTALES,Area Operativa 01 - Antioquia-Chocó,Antioquia,Medellín,12/05/2014 00:00,,PRECIPITACION,PTPM_TT_M,Precipitación total mensual,Mensual,2017-09-01 00:00,212.9,50,,900
27015330,OLAYA HERRERA - AUT [27015330],6.224679,-75.588225,1500,Sinóptica Principal,INSTITUTO DE HIDROLOGIA METEOROLOGIA Y ESTUDIOS AMBIENTALES,Area Operativa 01 - Antioquia-Chocó,Antioquia,Medellín,12/05/2014 00:00,,PRECIPITACION,PTPM_TT_M,Precipitación total mensual,Mensual,2017-10-01 00:00,146.6,50,,900
27015330,OLAYA HERRERA - AUT [27015330],6.224679,-75.588225,1500,Sinóptica Principal,INSTITUTO DE HIDROLOGIA METEOROLOGIA Y ESTUDIOS AMBIENTALES,Area Operativa 01 - Antioquia-Chocó,Antioquia,Medellín,12/05/2014 00:00,,PRECIPITACION,PTPM_TT_M,Precipitación total mensual,Mensual,2017-11-01 00:00,149.2,50,,900
27015330,OLAYA HERRERA - AUT [27015330],6.224679,-75.588225,1500,Sinóptica Principal,INSTITUTO DE HIDROLOGIA METEOROLOGIA Y ESTUDIOS AMBIENTALES,Area Operativa 01 - Antioquia-Chocó,Antioquia,Medellín,12/05/2014 00:00,,PRECIPITACION,PTPM_TT_M,Precipitación total mensual,Mensual,2017-12-01 00:00,141,50,,900
27015330,OLAYA HERRERA - AUT [27015330],6.224679,-75.588225,1500,Sinóptica Principal,INSTITUTO DE HIDROLOGIA METEOROLOGIA Y ESTUDIOS AMBIENTALES,Area Operativa 01 - Antioquia-Chocó,Antioquia,Medellín,12/05/2014 00:00,,PRECIPITACION,PTPM_TT_M,Precipitación total mensual,Mensual,2018-01-01 00:00,146,50,,900
27015330,OLAYA HERRERA - AUT [27015330],6.224679,-75.588225,1500,Sinóptica Principal,INSTITUTO DE HIDROLOGIA METEOROLOGIA Y ESTUDIOS AMBIENTALES,Area Operativa 01 - Antioquia-Chocó,Antioquia,Medellín,12/05/2014 00:00,,PRECIPITACION,PTPM_TT_M,Precipitación total mensual,Mensual,2018-02-01 00:00,108.9,50,,900
27015330,OLAYA HERRERA - AUT [27015330],6.224679,-75.588225,1500,Sinóptica Principal,INSTITUTO DE HIDROLOGIA METEOROLOGIA Y ESTUDIOS AMBIENTALES,Area Operativa 01 - Antioquia-Chocó,Antioquia,Medellín,12/05/2014 00:00,,PRECIPITACION,PTPM_TT_M,Precipitación total mensual,Mensual,2018-03-01 00:00,116.7,50,,900
27015330,OLAYA HERRERA - AUT [27015330],6.224679,-75.588225,1500,Sinóptica Principal,INSTITUTO DE HIDROLOGIA METEOROLOGIA Y ESTUDIOS AMBIENTALES,Area Operativa 01 - Antioquia-Chocó,Antioquia,Medellín,12/05/2014 00:00,,PRECIPITACION,PTPM_TT_M,Precipitación total mensual,Mensual,2018-04-01 00:00,245.6,50,,900
27015330,OLAYA HERRERA - AUT [27015330],6.224679,-75.588225,1500,Sinóptica Principal,INSTITUTO DE HIDROLOGIA METEOROLOGIA Y ESTUDIOS AMBIENTALES,Area Operativa 01 - Antioquia-Chocó,Antioquia,Medellín,12/05/2014 00:00,,PRECIPITACION,PTPM_TT_M,Precipitación total mensual,Mensual,2018-05-01 00:00,359.3,50,,900
27015330,OLAYA HERRERA - AUT [27015330],6.224679,-75.588225,1500,Sinóptica Principal,INSTITUTO DE HIDROLOGIA METEOROLOGIA Y ESTUDIOS AMBIENTALES,Area Operativa 01 - Antioquia-Chocó,Antioquia,Medellín,12/05/2014 00:00,,PRECIPITACION,PTPM_TT_M,Precipitación total mensual,Mensual,2018-06-01 00:00,110.4,50,,900
27015330,OLAYA HERRERA - AUT [27015330],6.224679,-75.588225,1500,Sinóptica Principal,INSTITUTO DE HIDROLOGIA METEOROLOGIA Y ESTUDIOS AMBIENTALES,Area Operativa 01 - Antioquia-Chocó,Antioquia,Medellín,12/05/2014 00:00,,PRECIPITACION,PTPM_TT_M,Precipitación total mensual,Mensual,2018-07-01 00:00,88.8,50,,900
27015330,OLAYA HERRERA - AUT [27015330],6.224679,-75.588225,1500,Sinóptica Principal,INSTITUTO DE HIDROLOGIA METEOROLOGIA Y ESTUDIOS AMBIENTALES,Area Operativa 01 - Antioquia-Chocó,Antioquia,Medellín,12/05/2014 00:00,,PRECIPITACION,PTPM_TT_M,Precipitación total mensual,Mensual,2018-08-01 00:00,77.4,50,,900
27015330,OLAYA HERRERA - AUT [27015330],6.224679,-75.588225,1500,Sinóptica Principal,INSTITUTO DE HIDROLOGIA METEOROLOGIA Y ESTUDIOS AMBIENTALES,Area Operativa 01 - Antioquia-Chocó,Antioquia,Medellín,12/05/2014 00:00,,PRECIPITACION,PTPM_TT_M,Precipitación total mensual,Mensual,2018-09-01 00:00,253.5,50,,900
27015330,OLAYA HERRERA - AUT [27015330],6.224679,-75.588225,1500,Sinóptica Principal,INSTITUTO DE HIDROLOGIA METEOROLOGIA Y ESTUDIOS AMBIENTALES,Area Operativa 01 - Antioquia-Chocó,Antioquia,Medellín,12/05/2014 00:00,,PRECIPITACION,PTPM_TT_M,Precipitación total mensual,Mensual,2018-10-01 00:00,282.7,50,,900
27015330,OLAYA HERRERA - AUT [27015330],6.224679,-75.588225,1500,Sinóptica Principal,INSTITUTO DE HIDROLOGIA METEOROLOGIA Y ESTUDIOS AMBIENTALES,Area Operativa 01 - Antioquia-Chocó,Antioquia,Medellín,12/05/2014 00:00,,PRECIPITACION,PTPM_TT_M,Precipitación total mensual,Mensual,2018-11-01 00:00,194.8,50,,900
27015330,OLAYA HERRERA - AUT [27015330],6.224679,-75.588225,1500,Sinóptica Principal,INSTITUTO DE HIDROLOGIA METEOROLOGIA Y ESTUDIOS AMBIENTALES,Area Operativa 01 - Antioquia-Chocó,Antioquia,Medellín,12/05/2014 00:00,,PRECIPITACION,PTPM_TT_M,Precipitación total mensual,Mensual,2018-12-01 00:00,13.9,50,,900
27015330,OLAYA HERRERA - AUT [27015330],6.224679,-75.588225,1500,Sinóptica Principal,INSTITUTO DE HIDROLOGIA METEOROLOGIA Y ESTUDIOS AMBIENTALES,Area Operativa 01 - Antioquia-Chocó,Antioquia,Medellín,12/05/2014 00:00,,PRECIPITACION,PTPM_TT_M,Precipitación total mensual,Mensual,2019-01-01 00:00,69.1,50,,900
27015330,OLAYA HERRERA - AUT [27015330],6.224679,-75.588225,1500,Sinóptica Principal,INSTITUTO DE HIDROLOGIA METEOROLOGIA Y ESTUDIOS AMBIENTALES,Area Operativa 01 - Antioquia-Chocó,Antioquia,Medellín,12/05/2014 00:00,,PRECIPITACION,PTPM_TT_M,Precipitación total mensual,Mensual,2019-02-01 00:00,61.9,50,,900
27015330,OLAYA HERRERA - AUT [27015330],6.224679,-75.588225,1500,Sinóptica Principal,INSTITUTO DE HIDROLOGIA METEOROLOGIA Y ESTUDIOS AMBIENTALES,Area Operativa 01 - Antioquia-Chocó,Antioquia,Medellín,12/05/2014 00:00,,PRECIPITACION,PTPM_TT_M,Precipitación total mensual,Mensual,2019-03-01 00:00,236.6,50,,900
27015330,OLAYA HERRERA - AUT [27015330],6.224679,-75.588225,1500,Sinóptica Principal,INSTITUTO DE HIDROLOGIA METEOROLOGIA Y ESTUDIOS AMBIENTALES,Area Operativa 01 - Antioquia-Chocó,Antioquia,Medellín,12/05/2014 00:00,,PRECIPITACION,PTPM_TT_M,Precipitación total mensual,Mensual,2019-04-01 00:00,261.4,50,,900
27015330,OLAYA HERRERA - AUT [27015330],6.224679,-75.588225,1500,Sinóptica Principal,INSTITUTO DE HIDROLOGIA METEOROLOGIA Y ESTUDIOS AMBIENTALES,Area Operativa 01 - Antioquia-Chocó,Antioquia,Medellín,12/05/2014 00:00,,PRECIPITACION,PTPM_TT_M,Precipitación total mensual,Mensual,2019-05-01 00:00,253,50,,900
27015330,OLAYA HERRERA - AUT [27015330],6.224679,-75.588225,1500,Sinóptica Principal,INSTITUTO DE HIDROLOGIA METEOROLOGIA Y ESTUDIOS AMBIENTALES,Area Operativa 01 - Antioquia-Chocó,Antioquia,Medellín,12/05/2014 00:00,,PRECIPITACION,PTPM_TT_M,Precipitación total mensual,Mensual,2019-06-01 00:00,77.4,50,,900
27015330,OLAYA HERRERA - AUT [27015330],6.224679,-75.588225,1500,Sinóptica Principal,INSTITUTO DE HIDROLOGIA METEOROLOGIA Y ESTUDIOS AMBIENTALES,Area Operativa 01 - Antioquia-Chocó,Antioquia,Medellín,12/05/2014 00:00,,PRECIPITACION,PTPM_TT_M,Precipitación total mensual,Mensual,2019-07-01 00:00,115.6,50,,900
27015330,OLAYA HERRERA - AUT [27015330],6.224679,-75.588225,1500,Sinóptica Principal,INSTITUTO DE HIDROLOGIA METEOROLOGIA Y ESTUDIOS AMBIENTALES,Area Operativa 01 - Antioquia-Chocó,Antioquia,Medellín,12/05/2014 00:00,,PRECIPITACION,PTPM_TT_M,Precipitación total mensual,Mensual,2019-08-01 00:00,17.7,50,,900
27015330,OLAYA HERRERA - AUT [27015330],6.224679,-75.588225,1500,Sinóptica Principal,INSTITUTO DE HIDROLOGIA METEOROLOGIA Y ESTUDIOS AMBIENTALES,Area Operativa 01 - Antioquia-Chocó,Antioquia,Medellín,12/05/2014 00:00,,PRECIPITACION,PTPM_TT_M,Precipitación total mensual,Mensual,2019-09-01 00:00,163.5,50,,900
27015330,OLAYA HERRERA - AUT [27015330],6.224679,-75.588225,1500,Sinóptica Principal,INSTITUTO DE HIDROLOGIA METEOROLOGIA Y ESTUDIOS AMBIENTALES,Area Operativa 01 - Antioquia-Chocó,Antioquia,Medellín,12/05/2014 00:00,,PRECIPITACION,PTPM_TT_M,Precipitación total mensual,Mensual,2019-10-01 00:00,140.9,50,,900
27015330,OLAYA HERRERA - AUT [27015330],6.224679,-75.588225,1500,Sinóptica Principal,INSTITUTO DE HIDROLOGIA METEOROLOGIA Y ESTUDIOS AMBIENTALES,Area Operativa 01 - Antioquia-Chocó,Antioquia,Medellín,12/05/2014 00:00,,PRECIPITACION,PTPM_TT_M,Precipitación total mensual,Mensual,2019-11-01 00:00,172.2,50,,900
27015330,OLAYA HERRERA - AUT [27015330],6.224679,-75.588225,1500,Sinóptica Principal,INSTITUTO DE HIDROLOGIA METEOROLOGIA Y ESTUDIOS AMBIENTALES,Area Operativa 01 - Antioquia-Chocó,Antioquia,Medellín,12/05/2014 00:00,,PRECIPITACION,PTPM_TT_M,Precipitación total mensual,Mensual,2019-12-01 00:00,73.4,50,,900
27015330,OLAYA HERRERA - AUT [27015330],6.224679,-75.588225,1500,Sinóptica Principal,INSTITUTO DE HIDROLOGIA METEOROLOGIA Y ESTUDIOS AMBIENTALES,Area Operativa 01 - Antioquia-Chocó,Antioquia,Medellín,12/05/2014 00:00,,PRECIPITACION,PTPM_TT_M,Precipitación total mensual,Mensual,2020-01-01 00:00,55.3,50,,900
27015330,OLAYA HERRERA - AUT [27015330],6.224679,-75.588225,1500,Sinóptica Principal,INSTITUTO DE HIDROLOGIA METEOROLOGIA Y ESTUDIOS AMBIENTALES,Area Operativa 01 - Antioquia-Chocó,Antioquia,Medellín,12/05/2014 00:00,,PRECIPITACION,PTPM_TT_M,Precipitación total mensual,Mensual,2020-02-01 00:00,64.3,50,,900
27015330,OLAYA HERRERA - AUT [27015330],6.224679,-75.588225,1500,Sinóptica Principal,INSTITUTO DE HIDROLOGIA METEOROLOGIA Y ESTUDIOS AMBIENTALES,Area Operativa 01 - Antioquia-Chocó,Antioquia,Medellín,12/05/2014 00:00,,PRECIPITACION,PTPM_TT_M,Precipitación total mensual,Mensual,2020-03-01 00:00,86,50,,900
27015330,OLAYA HERRERA - AUT [27015330],6.224679,-75.588225,1500,Sinóptica Principal,INSTITUTO DE HIDROLOGIA METEOROLOGIA Y ESTUDIOS AMBIENTALES,Area Operativa 01 - Antioquia-Chocó,Antioquia,Medellín,12/05/2014 00:00,,PRECIPITACION,PTPM_TT_M,Precipitación total mensual,Mensual,2020-04-01 00:00,72.7,50,,900
27015330,OLAYA HERRERA - AUT [27015330],6.224679,-75.588225,1500,Sinóptica Principal,INSTITUTO DE HIDROLOGIA METEOROLOGIA Y ESTUDIOS AMBIENTALES,Area Operativa 01 - Antioquia-Chocó,Antioquia,Medellín,12/05/2014 00:00,,PRECIPITACION,PTPM_TT_M,Precipitación total mensual,Mensual,2020-05-01 00:00,97.8,41,ESTIMADO,900
27015330,OLAYA HERRERA - AUT [27015330],6.224679,-75.588225,1500,Sinóptica Principal,INSTITUTO DE HIDROLOGIA METEOROLOGIA Y ESTUDIOS AMBIENTALES,Area Operativa 01 - Antioquia-Chocó,Antioquia,Medellín,12/05/2014 00:00,,PRECIPITACION,PTPM_TT_M,Precipitación total mensual,Mensual,2020-06-01 00:00,155.5,50,ESTIMADO,900
27015330,OLAYA HERRERA - AUT [27015330],6.224679,-75.588225,1500,Sinóptica Principal,INSTITUTO DE HIDROLOGIA METEOROLOGIA Y ESTUDIOS AMBIENTALES,Area Operativa 01 - Antioquia-Chocó,Antioquia,Medellín,12/05/2014 00:00,,PRECIPITACION,PTPM_TT_M,Precipitación total mensual,Mensual,2020-07-01 00:00,257.1,50,,900
27015330,OLAYA HERRERA - AUT [27015330],6.224679,-75.588225,1500,Sinóptica Principal,INSTITUTO DE HIDROLOGIA METEOROLOGIA Y ESTUDIOS AMBIENTALES,Area Operativa 01 - Antioquia-Chocó,Antioquia,Medellín,12/05/2014 00:00,,PRECIPITACION,PTPM_TT_M,Precipitación total mensual,Mensual,2020-08-01 00:00,125.3,50,,900
27015330,OLAYA HERRERA - AUT [27015330],6.224679,-75.588225,1500,Sinóptica Principal,INSTITUTO DE HIDROLOGIA METEOROLOGIA Y ESTUDIOS AMBIENTALES,Area Operativa 01 - Antioquia-Chocó,Antioquia,Medellín,12/05/2014 00:00,,PRECIPITACION,PTPM_TT_M,Precipitación total mensual,Mensual,2020-09-01 00:00,248.1,50,ESTIMADO,900
27015330,OLAYA HERRERA - AUT [27015330],6.224679,-75.588225,1500,Sinóptica Principal,INSTITUTO DE HIDROLOGIA METEOROLOGIA Y ESTUDIOS AMBIENTALES,Area Operativa 01 - Antioquia-Chocó,Antioquia,Medellín,12/05/2014 00:00,,PRECIPITACION,PTPM_TT_M,Precipitación total mensual,Mensual,2020-10-01 00:00,222.5,50,ESTIMADO,900
27015330,OLAYA HERRERA - AUT [27015330],6.224679,-75.588225,1500,Sinóptica Principal,INSTITUTO DE HIDROLOGIA METEOROLOGIA Y ESTUDIOS AMBIENTALES,Area Operativa 01 - Antioquia-Chocó,Antioquia,Medellín,12/05/2014 00:00,,PRECIPITACION,PTPM_TT_M,Precipitación total mensual,Mensual,2020-11-01 00:00,255.3,50,ESTIMADO,900
27015330,OLAYA HERRERA - AUT [27015330],6.224679,-75.588225,1500,Sinóptica Principal,INSTITUTO DE HIDROLOGIA METEOROLOGIA Y ESTUDIOS AMBIENTALES,Area Operativa 01 - Antioquia-Chocó,Antioquia,Medellín,12/05/2014 00:00,,PRECIPITACION,PTPM_TT_M,Precipitación total mensual,Mensual,2020-12-01 00:00,183.3,50,ESTIMADO,900
27015330,OLAYA HERRERA - AUT [27015330],6.224679,-75.588225,1500,Sinóptica Principal,INSTITUTO DE HIDROLOGIA METEOROLOGIA Y ESTUDIOS AMBIENTALES,Area Operativa 01 - Antioquia-Chocó,Antioquia,Medellín,12/05/2014 00:00,,PRECIPITACION,PTPM_TT_M,Precipitación total mensual,Mensual,2021-01-01 00:00,68.5,50,,900
27015330,OLAYA HERRERA - AUT [27015330],6.224679,-75.588225,1500,Sinóptica Principal,INSTITUTO DE HIDROLOGIA METEOROLOGIA Y ESTUDIOS AMBIENTALES,Area Operativa 01 - Antioquia-Chocó,Antioquia,Medellín,12/05/2014 00:00,,PRECIPITACION,PTPM_TT_M,Precipitación total mensual,Mensual,2021-02-01 00:00,71.6,50,,900
27015330,OLAYA HERRERA - AUT [27015330],6.224679,-75.588225,1500,Sinóptica Principal,INSTITUTO DE HIDROLOGIA METEOROLOGIA Y ESTUDIOS AMBIENTALES,Area Operativa 01 - Antioquia-Chocó,Antioquia,Medellín,12/05/2014 00:00,,PRECIPITACION,PTPM_TT_M,Precipitación total mensual,Mensual,2021-03-01 00:00,370.6,50,,900
27015330,OLAYA HERRERA - AUT [27015330],6.224679,-75.588225,1500,Sinóptica Principal,INSTITUTO DE HIDROLOGIA METEOROLOGIA Y ESTUDIOS AMBIENTALES,Area Operativa 01 - Antioquia-Chocó,Antioquia,Medellín,12/05/2014 00:00,,PRECIPITACION,PTPM_TT_M,Precipitación total mensual,Mensual,2021-04-01 00:00,125.2,50,,900
27015330,OLAYA HERRERA - AUT [27015330],6.224679,-75.588225,1500,Sinóptica Principal,INSTITUTO DE HIDROLOGIA METEOROLOGIA Y ESTUDIOS AMBIENTALES,Area Operativa 01 - Antioquia-Chocó,Antioquia,Medellín,12/05/2014 00:00,,PRECIPITACION,PTPM_TT_M,Precipitación total mensual,Mensual,2021-05-01 00:00,202.7,50,,900
27015330,OLAYA HERRERA - AUT [27015330],6.224679,-75.588225,1500,Sinóptica Principal,INSTITUTO DE HIDROLOGIA METEOROLOGIA Y ESTUDIOS AMBIENTALES,Area Operativa 01 - Antioquia-Chocó,Antioquia,Medellín,12/05/2014 00:00,,PRECIPITACION,PTPM_TT_M,Precipitación total mensual,Mensual,2021-06-01 00:00,207.4,50,,900
27015330,OLAYA HERRERA - AUT [27015330],6.224679,-75.588225,1500,Sinóptica Principal,INSTITUTO DE HIDROLOGIA METEOROLOGIA Y ESTUDIOS AMBIENTALES,Area Operativa 01 - Antioquia-Chocó,Antioquia,Medellín,12/05/2014 00:00,,PRECIPITACION,PTPM_TT_M,Precipitación total mensual,Mensual,2021-07-01 00:00,128.7,50,,900
27015330,OLAYA HERRERA - AUT [27015330],6.224679,-75.588225,1500,Sinóptica Principal,INSTITUTO DE HIDROLOGIA METEOROLOGIA Y ESTUDIOS AMBIENTALES,Area Operativa 01 - Antioquia-Chocó,Antioquia,Medellín,12/05/2014 00:00,,PRECIPITACION,PTPM_TT_M,Precipitación total mensual,Mensual,2021-08-01 00:00,259.9,50,,900
27015330,OLAYA HERRERA - AUT [27015330],6.224679,-75.588225,1500,Sinóptica Principal,INSTITUTO DE HIDROLOGIA METEOROLOGIA Y ESTUDIOS AMBIENTALES,Area Operativa 01 - Antioquia-Chocó,Antioquia,Medellín,12/05/2014 00:00,,PRECIPITACION,PTPM_TT_M,Precipitación total mensual,Mensual,2021-09-01 00:00,220.9,50,,900
27015330,OLAYA HERRERA - AUT [27015330],6.224679,-75.588225,1500,Sinóptica Principal,INSTITUTO DE HIDROLOGIA METEOROLOGIA Y ESTUDIOS AMBIENTALES,Area Operativa 01 - Antioquia-Chocó,Antioquia,Medellín,12/05/2014 00:00,,PRECIPITACION,PTPM_TT_M,Precipitación total mensual,Mensual,2021-10-01 00:00,217.3,50,,900
27015330,OLAYA HERRERA - AUT [27015330],6.224679,-75.588225,1500,Sinóptica Principal,INSTITUTO DE HIDROLOGIA METEOROLOGIA Y ESTUDIOS AMBIENTALES,Area Operativa 01 - Antioquia-Chocó,Antioquia,Medellín,12/05/2014 00:00,,PRECIPITACION,PTPM_TT_M,Precipitación total mensual,Mensual,2021-11-01 00:00,239.2,50,,900
27015330,OLAYA HERRERA - AUT [27015330],6.224679,-75.588225,1500,Sinóptica Principal,INSTITUTO DE HIDROLOGIA METEOROLOGIA Y ESTUDIOS AMBIENTALES,Area Operativa 01 - Antioquia-Chocó,Antioquia,Medellín,12/05/2014 00:00,,PRECIPITACION,PTPM_TT_M,Precipitación total mensual,Mensual,2021-12-01 00:00,66.1,50,,900
27015330,OLAYA HERRERA - AUT [27015330],6.224679,-75.588225,1500,Sinóptica Principal,INSTITUTO DE HIDROLOGIA METEOROLOGIA Y ESTUDIOS AMBIENTALES,Area Operativa 01 - Antioquia-Chocó,Antioquia,Medellín,12/05/2014 00:00,,PRECIPITACION,PTPM_TT_M,Precipitación total mensual,Mensual,2022-01-01 00:00,98.1,50,,900
27015330,OLAYA HERRERA - AUT [27015330],6.224679,-75.588225,1500,Sinóptica Principal,INSTITUTO DE HIDROLOGIA METEOROLOGIA Y ESTUDIOS AMBIENTALES,Area Operativa 01 - Antioquia-Chocó,Antioquia,Medellín,12/05/2014 00:00,,PRECIPITACION,PTPM_TT_M,Precipitación total mensual,Mensual,2022-02-01 00:00,146.6,50,,900
27015330,OLAYA HERRERA - AUT [27015330],6.224679,-75.588225,1500,Sinóptica Principal,INSTITUTO DE HIDROLOGIA METEOROLOGIA Y ESTUDIOS AMBIENTALES,Area Operativa 01 - Antioquia-Chocó,Antioquia,Medellín,12/05/2014 00:00,,PRECIPITACION,PTPM_TT_M,Precipitación total mensual,Mensual,2022-03-01 00:00,261.8,50,,900
27015330,OLAYA HERRERA - AUT [27015330],6.224679,-75.588225,1500,Sinóptica Principal,INSTITUTO DE HIDROLOGIA METEOROLOGIA Y ESTUDIOS AMBIENTALES,Area Operativa 01 - Antioquia-Chocó,Antioquia,Medellín,12/05/2014 00:00,,PRECIPITACION,PTPM_TT_M,Precipitación total mensual,Mensual,2022-04-01 00:00,214.1,50,,900
27015330,OLAYA HERRERA - AUT [27015330],6.224679,-75.588225,1500,Sinóptica Principal,INSTITUTO DE HIDROLOGIA METEOROLOGIA Y ESTUDIOS AMBIENTALES,Area Operativa 01 - Antioquia-Chocó,Antioquia,Medellín,12/05/2014 00:00,,PRECIPITACION,PTPM_TT_M,Precipitación total mensual,Mensual,2022-05-01 00:00,290.6,50,,900
27015330,OLAYA HERRERA - AUT [27015330],6.224679,-75.588225,1500,Sinóptica Principal,INSTITUTO DE HIDROLOGIA METEOROLOGIA Y ESTUDIOS AMBIENTALES,Area Operativa 01 - Antioquia-Chocó,Antioquia,Medellín,12/05/2014 00:00,,PRECIPITACION,PTPM_TT_M,Precipitación total mensual,Mensual,2022-06-01 00:00,330.1,50,,900
27015330,OLAYA HERRERA - AUT [27015330],6.224679,-75.588225,1500,Sinóptica Principal,INSTITUTO DE HIDROLOGIA METEOROLOGIA Y ESTUDIOS AMBIENTALES,Area Operativa 01 - Antioquia-Chocó,Antioquia,Medellín,12/05/2014 00:00,,PRECIPITACION,PTPM_TT_M,Precipitación total mensual,Mensual,2022-07-01 00:00,168.3,50,,900
27015330,OLAYA HERRERA - AUT [27015330],6.224679,-75.588225,1500,Sinóptica Principal,INSTITUTO DE HIDROLOGIA METEOROLOGIA Y ESTUDIOS AMBIENTALES,Area Operativa 01 - Antioquia-Chocó,Antioquia,Medellín,12/05/2014 00:00,,PRECIPITACION,PTPM_TT_M,Precipitación total mensual,Mensual,2022-08-01 00:00,206.6,50,,900
27015330,OLAYA HERRERA - AUT [27015330],6.224679,-75.588225,1500,Sinóptica Principal,INSTITUTO DE HIDROLOGIA METEOROLOGIA Y ESTUDIOS AMBIENTALES,Area Operativa 01 - Antioquia-Chocó,Antioquia,Medellín,12/05/2014 00:00,,PRECIPITACION,PTPM_TT_M,Precipitación total mensual,Mensual,2022-09-01 00:00,178.1,50,,900
27015330,OLAYA HERRERA - AUT [27015330],6.224679,-75.588225,1500,Sinóptica Principal,INSTITUTO DE HIDROLOGIA METEOROLOGIA Y ESTUDIOS AMBIENTALES,Area Operativa 01 - Antioquia-Chocó,Antioquia,Medellín,12/05/2014 00:00,,PRECIPITACION,PTPM_TT_M,Precipitación total mensual,Mensual,2022-10-01 00:00,223.8,50,,900
27015330,OLAYA HERRERA - AUT [27015330],6.224679,-75.588225,1500,Sinóptica Principal,INSTITUTO DE HIDROLOGIA METEOROLOGIA Y ESTUDIOS AMBIENTALES,Area Operativa 01 - Antioquia-Chocó,Antioquia,Medellín,12/05/2014 00:00,,PRECIPITACION,PTPM_TT_M,Precipitación total mensual,Mensual,2022-11-01 00:00,217.3,50,,900
27015330,OLAYA HERRERA - AUT [27015330],6.224679,-75.588225,1500,Sinóptica Principal,INSTITUTO DE HIDROLOGIA METEOROLOGIA Y ESTUDIOS AMBIENTALES,Area Operativa 01 - Antioquia-Chocó,Antioquia,Medellín,12/05/2014 00:00,,PRECIPITACION,PTPM_TT_M,Precipitación total mensual,Mensual,2022-12-01 00:00,25,50,,900
27015330,OLAYA HERRERA - AUT [27015330],6.224679,-75.588225,1500,Sinóptica Principal,INSTITUTO DE HIDROLOGIA METEOROLOGIA Y ESTUDIOS AMBIENTALES,Area Operativa 01 - Antioquia-Chocó,Antioquia,Medellín,12/05/2014 00:00,,PRECIPITACION,PTPM_TT_M,Precipitación total mensual,Mensual,2023-01-01 00:00,201.3,50,,900
27015330,OLAYA HERRERA - AUT [27015330],6.224679,-75.588225,1500,Sinóptica Principal,INSTITUTO DE HIDROLOGIA METEOROLOGIA Y ESTUDIOS AMBIENTALES,Area Operativa 01 - Antioquia-Chocó,Antioquia,Medellín,12/05/2014 00:00,,PRECIPITACION,PTPM_TT_M,Precipitación total mensual,Mensual,2023-02-01 00:00,67.3,50,,900
27015330,OLAYA HERRERA - AUT [27015330],6.224679,-75.588225,1500,Sinóptica Principal,INSTITUTO DE HIDROLOGIA METEOROLOGIA Y ESTUDIOS AMBIENTALES,Area Operativa 01 - Antioquia-Chocó,Antioquia,Medellín,12/05/2014 00:00,,PRECIPITACION,PTPM_TT_M,Precipitación total mensual,Mensual,2023-03-01 00:00,249.5,50,,900
27015330,OLAYA HERRERA - AUT [27015330],6.224679,-75.588225,1500,Sinóptica Principal,INSTITUTO DE HIDROLOGIA METEOROLOGIA Y ESTUDIOS AMBIENTALES,Area Operativa 01 - Antioquia-Chocó,Antioquia,Medellín,12/05/2014 00:00,,PRECIPITACION,PTPM_TT_M,Precipitación total mensual,Mensual,2023-04-01 00:00,164.1,50,,900
27015330,OLAYA HERRERA - AUT [27015330],6.224679,-75.588225,1500,Sinóptica Principal,INSTITUTO DE HIDROLOGIA METEOROLOGIA Y ESTUDIOS AMBIENTALES,Area Operativa 01 - Antioquia-Chocó,Antioquia,Medellín,12/05/2014 00:00,,PRECIPITACION,PTPM_TT_M,Precipitación total mensual,Mensual,2023-05-01 00:00,195.8,50,,900
27015330,OLAYA HERRERA - AUT [27015330],6.224679,-75.588225,1500,Sinóptica Principal,INSTITUTO DE HIDROLOGIA METEOROLOGIA Y ESTUDIOS AMBIENTALES,Area Operativa 01 - Antioquia-Chocó,Antioquia,Medellín,12/05/2014 00:00,,PRECIPITACION,PTPM_TT_M,Precipitación total mensual,Mensual,2023-06-01 00:00,85.9,50,,900
27015330,OLAYA HERRERA - AUT [27015330],6.224679,-75.588225,1500,Sinóptica Principal,INSTITUTO DE HIDROLOGIA METEOROLOGIA Y ESTUDIOS AMBIENTALES,Area Operativa 01 - Antioquia-Chocó,Antioquia,Medellín,12/05/2014 00:00,,PRECIPITACION,PTPM_TT_M,Precipitación total mensual,Mensual,2023-07-01 00:00,97.4,50,,900
27015330,OLAYA HERRERA - AUT [27015330],6.224679,-75.588225,1500,Sinóptica Principal,INSTITUTO DE HIDROLOGIA METEOROLOGIA Y ESTUDIOS AMBIENTALES,Area Operativa 01 - Antioquia-Chocó,Antioquia,Medellín,12/05/2014 00:00,,PRECIPITACION,PTPM_TT_M,Precipitación total mensual,Mensual,2023-08-01 00:00,59.8,50,,900
27015330,OLAYA HERRERA - AUT [27015330],6.224679,-75.588225,1500,Sinóptica Principal,INSTITUTO DE HIDROLOGIA METEOROLOGIA Y ESTUDIOS AMBIENTALES,Area Operativa 01 - Antioquia-Chocó,Antioquia,Medellín,12/05/2014 00:00,,PRECIPITACION,PTPM_TT_M,Precipitación total mensual,Mensual,2023-09-01 00:00,100,50,,900
27015330,OLAYA HERRERA - AUT [27015330],6.224679,-75.588225,1500,Sinóptica Principal,INSTITUTO DE HIDROLOGIA METEOROLOGIA Y ESTUDIOS AMBIENTALES,Area Operativa 01 - Antioquia-Chocó,Antioquia,Medellín,12/05/2014 00:00,,PRECIPITACION,PTPM_TT_M,Precipitación total mensual,Mensual,2023-10-01 00:00,171.2,50,,900
27015330,OLAYA HERRERA - AUT [27015330],6.224679,-75.588225,1500,Sinóptica Principal,INSTITUTO DE HIDROLOGIA METEOROLOGIA Y ESTUDIOS AMBIENTALES,Area Operativa 01 - Antioquia-Chocó,Antioquia,Medellín,12/05/2014 00:00,,PRECIPITACION,PTPM_TT_M,Precipitación total mensual,Mensual,2023-11-01 00:00,101.1,50,,900
27015330,OLAYA HERRERA - AUT [27015330],6.224679,-75.588225,1500,Sinóptica Principal,INSTITUTO DE HIDROLOGIA METEOROLOGIA Y ESTUDIOS AMBIENTALES,Area Operativa 01 - Antioquia-Chocó,Antioquia,Medellín,12/05/2014 00:00,,PRECIPITACION,PTPM_TT_M,Precipitación total mensual,Mensual,2023-12-01 00:00,141.6,50,,900
